0,가게
1,가격
2,가고
3,가관
4,가구
5,가급적
6,가까이
7,가나다순
8,가난
9,가늠
10,가능
11,가닥
12,가도
13,가두
14,가든
15,가라
16,가래
17,가래침
18,가량
19,가려
20,가려움증
21,가로등
22,가루
23,가루약
24,가르침
25,가림
26,가망
27,가망성
28,가면
29,가명
30,가바
31,가발
32,가방
33,가본적
34,가분
35,가사
36,가상
37,가설
38,가수
39,가스
40,가스레인지
41,가스보일러
42,가스총
43,가슴
44,가슴뼈
45,가습
46,가시
47,가시방석
48,가식
49,가요
50,가운데
51,가위
52,가위질
53,가을
54,가입
55,가자라
56,가장
57,가전
58,가정
59,가정불화
60,가정사
61,가정주부
62,가정폭력
63,가족
64,가족사
65,가중
66,가지
67,가지각색
68,가짜
69,가창
70,가출
71,가치
72,가치관
73,가학
74,가해자
75,각도
76,각본
77,각설
78,각오
79,각인
80,각자
81,각종
82,각질
83,간격
84,간과
85,간대
86,간병
87,간병인
88,간부
89,간섭
90,간식
91,간암
92,간염
93,간은
94,간장
95,간주
96,간직
97,간질
98,간판
99,간헐
100,간호
101,간호사
102,간호학
103,갈등
104,갈라고
105,갈래
106,갈림길
107,갈만
108,갈망
109,갈비뼈
110,갈일
111,갈증
112,갈취
113,갈피
114,감각
115,감감
116,감금
117,감기
118,감기약
119,감내
120,감당
121,감도
122,감독
123,감동
124,감량
125,감사
126,감상
127,감성
128,감소
129,감수
130,감수성
131,감시
132,감염
133,감옥
134,감이
135,감전
136,감정
137,감지
138,감초
139,감탄
140,감퇴
141,감행
142,감흥
143,갑상선
144,갑자
145,강간
146,강경
147,강남
148,강당
149,강도
150,강박
151,강박감
152,강사
153,강수
154,강아지
155,강압
156,강요
157,강의
158,강의실
159,강제
160,강제흡연
161,강조
162,강행
163,강화
164,갖가지
165,개강
166,개그
167,개그맨
168,개념
169,개론
170,개미
171,개발
172,개밥
173,개비
174,개새끼
175,개선
176,개소리
177,개안
178,개월
179,개인
180,개인주의
181,개인차
182,개입
183,개정
184,개최
185,개판
186,개패
187,개학
188,객관식
189,객기
190,객사
191,객지
192,갱년기
193,갱신
194,거금
195,거기
196,거도
197,거동
198,거래
199,거류
200,거리
201,거리감
202,거린다
203,거림
204,거립니다
205,거만
206,거미
207,거미공포증
208,거부
209,거부감
210,거북
211,거스름돈
212,거식
213,거식증
214,거실
215,거울
216,거원
217,거의
218,거절
219,거주
220,거주지
221,거지
222,거진
223,거짓
224,거짓말
225,거추
226,거치대
227,거트
228,거품
229,걱정
230,걱정거리
231,건가
232,건가요
233,건강
234,건데
235,건데요
236,건망증
237,건물
238,건반
239,건설
240,건조
241,건지
242,건진
243,걸기
244,걸까
245,걸까요
246,걸때
247,걸레
248,걸로
249,걸리
250,걸림돌
251,걸요
252,걸음
253,걸음걸이
254,걸텐데
255,검사
256,검색
257,검색어
258,검열
259,검정
260,검정고시
261,검지
262,검진
263,겁니까
264,겁니다
265,겁쟁이
266,겉멋
267,겉모습
268,겉옷
269,게슈탈트
270,게시
271,게시판
272,게여
273,게요
274,게으름
275,게이머
276,게임
277,게임기
278,겨를
279,겨울
280,격려
281,격리
282,격식
283,격증
284,격투기
285,견대
286,견적
287,결과
288,결과지
289,결국
290,결근
291,결단
292,결단력
293,결론
294,결벽증
295,결별
296,결석
297,결심
298,결여
299,결재
300,결정
301,결제
302,결핍
303,결함
304,결핵
305,결혼
306,결혼식
307,겸비
308,겸손
309,경각심
310,경계
311,경계선
312,경계심
313,경고
314,경기
315,경기도
316,경남
317,경도
318,경력
319,경련
320,경로
321,경멸
322,경색
323,경시
324,경악
325,경우
326,경운기
327,경쟁
328,경쟁력
329,경쟁자
330,경제
331,경조사
332,경직
333,경차
334,경찰
335,경찰서
336,경찰차
337,경향
338,경험
339,경험담
340,곁눈
341,계곡
342,계급
343,계기
344,계단
345,계란
346,계량기
347,계발
348,계산
349,계산대
350,계산력
351,계산서
352,계속
353,계시
354,계심
355,계약
356,계열
357,계월
358,계이름
359,계절
360,계정
361,계통
362,계획
363,계획도
364,계획서
365,계획표
366,고개
367,고객
368,고갯짓
369,고견
370,고교
371,고구
372,고구마
373,고급
374,고기
375,고기반찬
376,고난
377,고뇌
378,고대
379,고도
380,고독
381,고독사
382,고둥
383,고등
384,고등학교
385,고딩
386,고래
387,고려
388,고려대
389,고리
390,고립
391,고마움
392,고모
393,고모부
394,고무
395,고무줄
396,고민
397,고민거리
398,고백
399,고비
400,고사
401,고삼
402,고생
403,고소
404,고소공포증
405,고소장
406,고속도로
407,고속버스
408,고시
409,고아
410,고아라
411,고아원
412,고양이
413,고열
414,고요
415,고용
416,고용량
417,고의
418,고이
419,고자질
420,고장
421,고정
422,고조
423,고지식
424,고지혈증
425,고집
426,고참
427,고층
428,고친
429,고통
430,고품
431,고학년
432,고함
433,고향
434,고혈압
435,곡선
436,곤란
437,곤욕
438,곤충
439,골목
440,골목길
441,골절
442,골치
443,골프채
444,곰팡
445,곳곳
446,공간
447,공감
448,공감각
449,공감대
450,공강
451,공개
452,공격
453,공경
454,공고
455,공공
456,공군
457,공기
458,공단
459,공대
460,공동
461,공동체
462,공론
463,공룡
464,공모전
465,공무원
466,공백
467,공복
468,공부
469,공사
470,공사장
471,공상
472,공시
473,공업
474,공연
475,공용
476,공원
477,공유
478,공은
479,공익
480,공인
481,공장
482,공존
483,공중
484,공중목욕탕
485,공중화장실
486,공지
487,공짜
488,공책
489,공통
490,공통점
491,공포
492,공포감
493,공포심
494,공포증
495,공학
496,공학자
497,공항
498,공허
499,공황
500,공후
501,과거
502,과계
503,과고
504,과다
505,과다복용
506,과대
507,과대망상
508,과대망상증
509,과도
510,과동시
511,과량
512,과로
513,과목
514,과묵
515,과민
516,과민성
517,과방
518,과소평가
519,과식
520,과실
521,과약
522,과언
523,과외
524,과육
525,과일
526,과잉
527,과잉보호
528,과자
529,과장
530,과정
531,과제
532,과체중
533,과학
534,관계
535,관계자
536,관념
537,관련
538,관리
539,관리도
540,관물
541,관사
542,관속
543,관심
544,관심사
545,관악구
546,관안
547,관여
548,관자놀이
549,관장
550,관절
551,관절통
552,관점
553,관찰
554,관해
555,광고
556,광고지
557,광기
558,광대
559,광대뼈
560,광범위
561,광우병
562,광이
563,광장
564,광장공포증
565,광적
566,광주
567,광주광역시
568,괴기
569,괴로움
570,괴리
571,괴물
572,괴성
573,교과서
574,교내
575,교대
576,교대근무
577,교도
578,교도소
579,교류
580,교복
581,교사
582,교생
583,교수
584,교시
585,교실
586,교양
587,교역자
588,교우
589,교육
590,교육청
591,교정
592,교제
593,교탁
594,교통
595,교통비
596,교통사고
597,교환
598,교회
599,구걸
600,구경
601,구구단
602,구글
603,구급대
604,구급차
605,구나
606,구니
607,구두
608,구라
609,구란
610,구렁텅이
611,구로
612,구름
613,구리
614,구매
615,구멍
616,구박
617,구별
618,구분
619,구비
620,구사
621,구사력
622,구석
623,구석구석
624,구성
625,구성원
626,구속
627,구여
628,구역
629,구역질
630,구요
631,구원
632,구입
633,구재
634,구절
635,구조
636,구지
637,구직
638,구체
639,구출
640,구치소
641,구타
642,구토
643,국가
644,국군
645,국내
646,국립대
647,국물
648,국민신문고
649,국산
650,국어
651,국제
652,군것질
653,군대
654,군데
655,군데군데
656,군림
657,군복
658,군부대
659,군요
660,군인
661,군입
662,군지
663,군집
664,군필
665,굳은살
666,굴대
667,굴레
668,궁금증
669,궁리
670,권리
671,권연
672,권위
673,권위주의
674,권유
675,권익
676,권장
677,권투
678,궤도
679,궤변
680,귀가
681,귀국
682,귀안
683,귀염
684,귀울림
685,귀의
686,귀저
687,귀중품
688,귀퉁이
689,귀향
690,귓속
691,귓속말
692,규모
693,규칙
694,균형
695,그간
696,그거
697,그건
698,그걸
699,그걸로
700,그것
701,그게
702,그곳
703,그날
704,그네
705,그녀
706,그늘
707,그달
708,그동안
709,그때
710,그땐
711,그래프
712,그루
713,그룹
714,그릇
715,그리기
716,그리심
717,그린
718,그림
719,그림자
720,그분
721,그인
722,그정
723,그젠지
724,그쪽
725,그해
726,극단
727,극대
728,극도
729,극복
730,극성
731,극소
732,극소수
733,극악
734,극약
735,극우
736,극장
737,근거
738,근대
739,근래
740,근로
741,근무
742,근무일
743,근복
744,근본
745,근심
746,근원
747,근육
748,근육통
749,근절
750,근처
751,근친
752,글귀
753,글꼴
754,글라스
755,글쓰기
756,글씨
757,글씨체
758,글자
759,글재주
760,금단
761,금붕어
762,금식
763,금액
764,금연
765,금요일
766,금이
767,금전
768,금지
769,금칙
770,급격
771,급성
772,급성장
773,급속도
774,급습
775,급식
776,급여
777,긍정
778,기간
779,기겁
780,기게
781,기계
782,기관
783,기관지
784,기구
785,기기
786,기능
787,기대
788,기대감
789,기대치
790,기도
791,기독교
792,기둥
793,기력
794,기록
795,기록부
796,기름
797,기름기
798,기립성
799,기만
800,기말
801,기말고사
802,기면증
803,기물
804,기미
805,기법
806,기복
807,기본
808,기본기
809,기부
810,기북
811,기분
812,기쁨
813,기사
814,기상
815,기색
816,기생충
817,기세
818,기센
819,기수
820,기숙
821,기숙사
822,기술
823,기스
824,기승전결
825,기아
826,기악
827,기억
828,기억력
829,기업
830,기와집
831,기운
832,기입
833,기재
834,기적
835,기전
836,기절
837,기점
838,기정사실
839,기존
840,기준
841,기질
842,기차
843,기초
844,기침
845,기타
846,기피
847,기한
848,기합
849,기호
850,기회
851,기흉
852,긴가
853,긴급
854,긴데
855,긴장
856,긴장감
857,긴장증
858,긴지
859,길가
860,길갈
861,길거리
862,길레
863,길바닥
864,길이
865,길치
866,길항
867,김밥
868,김장
869,김종현
870,김치
871,깃발
872,까라
873,까만색
874,까페
875,깜박이
876,깜빡이
877,깡패
878,깨알
879,깽판
880,껍데기
881,껍질
882,꼬라지
883,꼬리
884,꼬리뼈
885,꼬마
886,꼬맹이
887,꼬투리
888,꼴찌
889,꼴통
890,꽁초
891,꽃향기
892,꾀병
893,꾸리
894,꾸중
895,꿀돼지
896,꿀잠
897,꿈속
898,꿈자리
899,끄레기
900,끈기
901,끼니
902,끼어들기
903,낌새
904,나날
905,나라
906,나락
907,나려
908,나름
909,나머지
910,나머진
911,나무
912,나물
913,나발
914,나방
915,나부랭이
916,나불
917,나비
918,나비효과
919,나사
920,나상
921,나서
922,나아
923,나약
924,나열
925,나염
926,나위
927,나이
928,나이라
929,나인데
930,나잇
931,나잇값
932,나중
933,나지
934,나태
935,나팔바지
936,나해
937,낙관
938,낙사
939,낙서
940,낙심
941,낙엽
942,낙오
943,낙오자
944,낙천
945,낙태
946,난간
947,난국
948,난다
949,난독증
950,난동
951,난로
952,난리
953,난시
954,난일
955,난장판
956,난적
957,난청
958,난치
959,난치병
960,난폭
961,난폭운전
962,날개
963,날걸
964,날디
965,날라리
966,날씨
967,날일
968,날짜
969,날파리
970,남고
971,남과
972,남녀
973,남녀공학
974,남녀노소
975,남동생
976,남매
977,남방
978,남성
979,남아
980,남여
981,남위
982,남일
983,남자
984,남잔데
985,남중
986,남지
987,남짓
988,남친
989,남학생
990,납득
991,납부금
992,납치
993,낭독
994,낭떠러지
995,낭비
996,낮잠
997,낯가림
998,내가
999,내것
1000,내게
1001,내곁에
1002,내고
1003,내공
1004,내공을
1005,내과
1006,내구
1007,내기
1008,내년
1009,내동
1010,내맘대로
1011,내면
1012,내방
1013,내보
1014,내부
1015,내색
1016,내서
1017,내성
1018,내손
1019,내시경
1020,내신
1021,내실
1022,내역
1023,내외
1024,내요
1025,내용
1026,내원
1027,내일
1028,내일모레
1029,내재
1030,내적
1031,내지
1032,내탓이
1033,내편
1034,내편이
1035,내향
1036,내향성
1037,냄비
1038,냄새
1039,냉동식품
1040,냉면
1041,냉수마찰
1042,냉장고
1043,냉전
1044,냉정
1045,냉증
1046,냠냠
1047,너희
1048,넋두리
1049,네요
1050,네이버
1051,네이트
1052,네티즌
1053,넷째
1054,녀석
1055,년차
1056,노가다
1057,노골
1058,노동
1059,노동부
1060,노란색
1061,노랑
1062,노래
1063,노래방
1064,노력
1065,노릇
1066,노무
1067,노발대발
1068,노숙
1069,노심초사
1070,노약자
1071,노역
1072,노이로제
1073,노정
1074,노처녀
1075,노출
1076,노크
1077,노트
1078,노트북
1079,노하우
1080,노홍철
1081,녹스
1082,녹음
1083,녹초
1084,논리
1085,논문
1086,논의
1087,논적
1088,놀러
1089,놀림
1090,놀림감
1091,놀이
1092,놀이터
1093,농구
1094,농담
1095,농도
1096,농양
1097,농장
1098,높이
1099,높임말
1100,뇌경색
1101,뇌전증
1102,뇌출혈
1103,뇌파
1104,뇌형
1105,누가
1106,누구
1107,누군
1108,누군가
1109,누군지
1110,누굴
1111,누기
1112,누나
1113,누님
1114,누명
1115,누적
1116,눈곱
1117,눈길
1118,눈꼬리
1119,눈동자
1120,눈물
1121,눈물샘
1122,눈빛
1123,눈썹
1124,눈앞
1125,눈초리
1126,눈치
1127,뉘앙스
1128,뉴스
1129,느끼
1130,느낌
1131,느타리버섯
1132,늑골
1133,능동
1134,능력
1135,능력자
1136,능률
1137,능이
1138,능자
1139,늦둥이
1140,늦잠
1141,니다
1142,니코스
1143,니코틴
1144,닌텐도
1145,다거
1146,다고
1147,다구
1148,다나오
1149,다년
1150,다라
1151,다라니
1152,다량
1153,다리
1154,다마
1155,다면
1156,다바
1157,다반
1158,다반사
1159,다발
1160,다섯
1161,다수
1162,다양
1163,다요
1164,다운
1165,다운로드
1166,다원
1167,다윈
1168,다음
1169,다이아
1170,다이어리
1171,다이어트
1172,다정
1173,다중
1174,다짐
1175,다처
1176,다큐멘터리
1177,다크
1178,다툼
1179,다한증
1180,다행
1181,다혈질
1182,닥달
1183,닥터
1184,단거
1185,단계
1186,단기
1187,단답형
1188,단도직입
1189,단독
1190,단둘
1191,단련
1192,단맛
1193,단백질
1194,단서
1195,단순
1196,단시간
1197,단약
1198,단어
1199,단언
1200,단원
1201,단위
1202,단장
1203,단절
1204,단점
1205,단정
1206,단주
1207,단증
1208,단짝
1209,단채
1210,단체
1211,단태
1212,단편
1213,단행
1214,달동네
1215,달력
1216,달성
1217,달전
1218,달째
1219,달초
1220,달치
1221,달팽이관
1222,담담
1223,담당
1224,담바
1225,담배
1226,담사
1227,담소
1228,담요
1229,담임
1230,담자
1231,답글
1232,답니다
1233,답변
1234,답장
1235,당귀차
1236,당뇨
1237,당뇨병
1238,당번
1239,당사자
1240,당시
1241,당신
1242,당일
1243,당장
1244,당직
1245,당첨
1246,당현
1247,당황
1248,대가
1249,대각선
1250,대감
1251,대강
1252,대견
1253,대구
1254,대기
1255,대꾸
1256,대나
1257,대낮
1258,대다수
1259,대담
1260,대답
1261,대대
1262,대도
1263,대략
1264,대로
1265,대리
1266,대립
1267,대면
1268,대문
1269,대물림
1270,대박
1271,대변
1272,대부분
1273,대비
1274,대사
1275,대상
1276,대설
1277,대성통곡
1278,대수
1279,대신
1280,대안
1281,대여자
1282,대외
1283,대요
1284,대우
1285,대응
1286,대의
1287,대인
1288,대인공포증
1289,대장
1290,대전
1291,대졸
1292,대중
1293,대중교통
1294,대지
1295,대책
1296,대처
1297,대체
1298,대초
1299,대출
1300,대충
1301,대칭
1302,대표
1303,대하
1304,대학
1305,대학가
1306,대학교
1307,대학로
1308,대학생
1309,대학원
1310,대학원생
1311,대한
1312,대한민국
1313,대형
1314,대혼란
1315,대화
1316,대화법
1317,대회
1318,대후
1319,댓글
1320,댕이
1321,더넘
1322,더듬이
1323,더러움
1324,더럴
1325,더미
1326,덕분
1327,던지
1328,덤프트럭
1329,덩어리
1330,덩치
1331,데기
1332,데뷔
1333,데이터
1334,데이트
1335,데자뷰
1336,데파
1337,도가
1338,도구
1339,도달
1340,도덕
1341,도둑
1342,도둑년
1343,도둑질
1344,도로
1345,도로는
1346,도리
1347,도막
1348,도망
1349,도무지
1350,도박
1351,도배
1352,도벽
1353,도서
1354,도서관
1355,도수
1356,도시
1357,도어
1358,도요
1359,도움
1360,도저
1361,도전
1362,도제
1363,도중
1364,도착
1365,도착증
1366,도착지
1367,도청
1368,도통
1369,도파민
1370,도피
1371,도형
1372,도화
1373,독단
1374,독립
1375,독서
1376,독서실
1377,독신
1378,독일
1379,독자
1380,독특
1381,독해
1382,독후감
1383,돈독
1384,돈벌레
1385,돈벌이
1386,돈줄
1387,돋움
1388,돌기
1389,돌담길
1390,돌대가리
1391,돌멩이
1392,돌발
1393,돌발성
1394,돌변
1395,돌잔치
1396,돌쟁이
1397,돌파구
1398,돕니다
1399,동갑
1400,동거
1401,동거녀
1402,동공
1403,동굴
1404,동그라미
1405,동기
1406,동내
1407,동네
1408,동료
1409,동맥
1410,동면
1411,동명사
1412,동문서답
1413,동물
1414,동물원
1415,동반
1416,동사무소
1417,동생
1418,동성
1419,동성애자
1420,동시
1421,동아리
1422,동안
1423,동영상
1424,동요
1425,동의
1426,동일
1427,동일시
1428,동작
1429,동작구
1430,동정
1431,동정심
1432,동조
1433,동창
1434,동행
1435,동행인
1436,돼지
1437,되풀이
1438,두근거림
1439,두뇌
1440,두드러기
1441,두려움
1442,두리
1443,두말
1444,두병
1445,두보
1446,두서
1447,두여
1448,두자니
1449,두통
1450,두통약
1451,두피
1452,둔지
1453,둔화
1454,둘째
1455,뒤죽박죽
1456,뒤통수
1457,뒷골
1458,뒷담
1459,뒷담화
1460,뒷머리
1461,뒷모습
1462,뒷목
1463,뒷문
1464,뒷받침
1465,뒷부분
1466,뒷사람
1467,뒷얘기
1468,뒷자리
1469,뒷전
1470,뒷좌석
1471,뒷짐
1472,드라마
1473,드라이
1474,드래그
1475,드레스
1476,드루
1477,드름
1478,드림
1479,드립
1480,드링크제
1481,듣기
1482,들것
1483,들통
1484,듯이
1485,등교
1486,등급
1487,등등
1488,등록
1489,등록금
1490,등록증
1491,등산
1492,등살
1493,등수
1494,등요
1495,등장
1496,등장인물
1497,등허리
1498,디스크
1499,디아제팜
1500,디온
1501,디자인
1502,디키
1503,디테일
1504,딜레마
1505,따구
1506,따까리
1507,따돌림
1508,따위
1509,따윈
1510,딱쟁이
1511,딱지
1512,딴소리
1513,딴청
1514,딸래미
1515,딸아이
1516,딸애
1517,땅바닥
1518,때메
1519,때문
1520,때물
1521,때수건
1522,땐가
1523,떡잎
1524,떨림
1525,또래
1526,똘똘이
1527,똥오줌
1528,뚜껑
1529,뜀틀
1530,뜬눈
1531,라디오
1532,라면
1533,라반
1534,라벨
1535,라사
1536,라운
1537,라이
1538,라이터
1539,라인
1540,라잔
1541,라졸
1542,라푼젤
1543,락스
1544,란문
1545,란자
1546,래도
1547,래들
1548,래스
1549,랜덤
1550,러거
1551,러그
1552,런닝
1553,런지
1554,레메
1555,레베
1556,레스
1557,레스토랑
1558,레이너
1559,레이스
1560,레전드
1561,레즈
1562,레파
1563,레퍼토리
1564,렉사
1565,렌스
1566,렌즈
1567,려고
1568,련지
1569,렵기
1570,로또
1571,로라
1572,로라제팜
1573,로르
1574,로민
1575,로봇
1576,로션
1577,로켈
1578,로화
1579,록스
1580,롤러코스터
1581,롯데
1582,롯데월드
1583,뢰서
1584,루게릭
1585,루고
1586,루시드
1587,루트
1588,룬드
1589,룸메이트
1590,류로
1591,리그
1592,리니지
1593,리더
1594,리드
1595,리듬
1596,리미트리스
1597,리보
1598,리셋
1599,리쉬
1600,리스
1601,리스트
1602,리아
1603,리전
1604,리터
1605,리튬
1606,리파
1607,리페리
1608,릭스
1609,린다
1610,린스
1611,립니
1612,링크
1613,마감
1614,마게
1615,마귀
1616,마냥
1617,마니
1618,마당
1619,마두
1620,마디
1621,마련
1622,마르지
1623,마름
1624,마리
1625,마무리
1626,마비
1627,마사지
1628,마술
1629,마술사
1630,마스크
1631,마약
1632,마우스
1633,마음
1634,마음가짐
1635,마음속
1636,마이너스
1637,마이크
1638,마인
1639,마인드
1640,마조
1641,마조히즘
1642,마중
1643,마지막
1644,마찬가지
1645,마찬가집니다
1646,마찰
1647,마취
1648,마취제
1649,마트
1650,마피아
1651,마호
1652,막걸리
1653,막내
1654,막내딸
1655,막노동
1656,막둥이
1657,막말
1658,막바지
1659,막상
1660,막심
1661,막일
1662,막장
1663,만남
1664,만답
1665,만료
1666,만사
1667,만성
1668,만성위염
1669,만신창이
1670,만약
1671,만일
1672,만입
1673,만전
1674,만점
1675,만족
1676,만족감
1677,만지
1678,만취
1679,만큼
1680,만화
1681,만화책
1682,말개
1683,말거
1684,말귀
1685,말기
1686,말꼬리
1687,말끝
1688,말다툼
1689,말단
1690,말대꾸
1691,말더듬이
1692,말더듬증
1693,말뚝
1694,말문
1695,말수
1696,말싸움
1697,말씀
1698,말자
1699,말주변
1700,말투
1701,맘고생
1702,맘속
1703,망가
1704,망각
1705,망상
1706,망상증
1707,망설임
1708,망신
1709,망신거리
1710,망원경
1711,망정
1712,망증
1713,망치
1714,맞벌이
1715,맞은편
1716,맞장구
1717,맞춤
1718,맞춤법
1719,매너
1720,매는법
1721,매달
1722,매도
1723,매력
1724,매매
1725,매사
1726,매서
1727,매일
1728,매일매일
1729,매장
1730,매점
1731,매진
1732,매체
1733,매춘
1734,매춘부
1735,매크로
1736,매트
1737,매트리스
1738,맥락
1739,맥박
1740,맥시멈
1741,맥주
1742,맨발
1743,맹신
1744,머리
1745,머리끄댕이
1746,머리숱
1747,머리채
1748,머리카락
1749,머리칼
1750,머리털
1751,머릿속
1752,머신
1753,먼가
1754,먼저
1755,먼지
1756,멀리
1757,멀미
1758,멀티
1759,멍청이
1760,메니에르병
1761,메디
1762,메뚜기
1763,메론
1764,메리
1765,메모
1766,메모장
1767,메모지
1768,메세지
1769,메소드
1770,메시지
1771,메신저
1772,메신져
1773,메아리
1774,메이트
1775,메이플
1776,메인
1777,메일
1778,메타
1779,메탈
1780,메트리
1781,멘붕
1782,멘탈
1783,멘토링
1784,멜라토닌
1785,멜로디
1786,멤버
1787,며칠
1788,멱살
1789,면담
1790,면도기
1791,면도칼
1792,면목
1793,면문
1794,면역
1795,면요
1796,면접
1797,면제
1798,면허
1799,면허증
1800,면회
1801,명과
1802,명력
1803,명령
1804,명령식
1805,명만
1806,명문
1807,명사
1808,명상
1809,명언
1810,명예퇴직
1811,명이
1812,명인
1813,명절
1814,명정
1815,명중
1816,명찰
1817,명치
1818,명칭
1819,명품
1820,몇몇
1821,몇일
1822,모과
1823,모과나무
1824,모금
1825,모기
1826,모니터
1827,모델
1828,모델링
1829,모독
1830,모두
1831,모둠
1832,모드
1833,모래
1834,모러
1835,모바일
1836,모바일게임
1837,모범
1838,모색
1839,모서리
1840,모순
1841,모습
1842,모양
1843,모욕
1844,모음
1845,모의
1846,모의고사
1847,모임
1848,모자
1849,모차르트
1850,모텔
1851,모티
1852,모하
1853,모함
1854,목격
1855,목과
1856,목구멍
1857,목덜미
1858,목뒤
1859,목록
1860,목사
1861,목소리
1862,목소릴
1863,목숨
1864,목요일
1865,목욕
1866,목욕탕
1867,목적
1868,목포
1869,목표
1870,몬지
1871,몰골
1872,몰두
1873,몰레
1874,몰매
1875,몰입
1876,몰카
1877,몸매
1878,몸무게
1879,몸살
1880,몸상
1881,몸싸움
1882,몸집
1883,몸짓
1884,못가
1885,못자
1886,몽둥이
1887,몽유병
1888,묘기
1889,묘사
1890,무감각
1891,무감정
1892,무게
1893,무고
1894,무기
1895,무기력
1896,무기력감
1897,무기력증
1898,무늬
1899,무단
1900,무대
1901,무덤덤
1902,무도
1903,무뚝뚝
1904,무력
1905,무력감
1906,무렵
1907,무례
1908,무료
1909,무릎
1910,무리
1911,무명
1912,무모
1913,무사
1914,무산
1915,무서움
1916,무성의
1917,무시
1918,무심
1919,무심결
1920,무안
1921,무언가
1922,무언갈
1923,무언지
1924,무얼
1925,무엇
1926,무욕증
1927,무월경
1928,무의식
1929,무의식중
1930,무의욕
1931,무작위
1932,무조건
1933,무주
1934,무지
1935,무직
1936,무채색
1937,무척
1938,무터
1939,무턱
1940,무튼
1941,무표정
1942,무한
1943,무호흡
1944,묵묵부답
1945,문과
1946,문단속
1947,문두
1948,문란
1949,문맥
1950,문밖
1951,문법
1952,문서
1953,문신
1954,문의
1955,문자
1956,문장
1957,문재
1958,문제
1959,문제점
1960,문제집
1961,문젠지
1962,문진
1963,문쪽
1964,문틈
1965,문항
1966,문화
1967,물거품
1968,물건
1969,물기
1970,물놀
1971,물론
1972,물리
1973,물마
1974,물방울
1975,물병
1976,물분
1977,물불
1978,물수
1979,물음
1980,물음표
1981,물의
1982,물질
1983,물체
1984,물통
1985,물티슈
1986,물파스
1987,물품
1988,뭉치
1989,뭐뭐
1990,뭐시
1991,뭔가
1992,뭔가요
1993,뭔갈
1994,뭔데
1995,뭔일
1996,뭔지
1997,뭘까
1998,뭘까요
1999,뭘로
2000,뭡니까
2001,미각
2002,미국
2003,미달
2004,미대
2005,미덕
2006,미래
2007,미러
2008,미련
2009,미루기
2010,미르
2011,미리
2012,미만
2013,미명
2014,미세
2015,미션
2016,미소
2017,미숙
2018,미술
2019,미술관
2020,미안
2021,미약
2022,미열
2023,미용실
2024,미음
2025,미주신경
2026,미친년
2027,미행
2028,미혼
2029,민간
2030,민시
2031,민역
2032,민원
2033,민정
2034,민중
2035,민폐
2036,믿음
2037,밀가루
2038,밀랍
2039,밀리그램
2040,밀실
2041,밀집
2042,밀폐
2043,밑바닥
2044,밑천
2045,바가지
2046,바깥
2047,바나나
2048,바늘
2049,바다
2050,바닥
2051,바닷가
2052,바도
2053,바디
2054,바람
2055,바람기
2056,바램
2057,바론
2058,바른길
2059,바보
2060,바요
2061,바이러스
2062,바이저
2063,바지
2064,바퀴
2065,바퀴벌레
2066,바탕
2067,박동
2068,박동수
2069,박물관
2070,박봉
2071,박사
2072,박살
2073,박수
2074,박약
2075,박이
2076,박자
2077,박탈
2078,반간
2079,반감기
2080,반개
2081,반격
2082,반기
2083,반나절
2084,반납
2085,반년
2086,반대
2087,반대편
2088,반려
2089,반말
2090,반면
2091,반바지
2092,반박
2093,반발심
2094,반병
2095,반복
2096,반사
2097,반성
2098,반수
2099,반애
2100,반영
2101,반응
2102,반장
2103,반절
2104,반점
2105,반정
2106,반주
2107,반지
2108,반찬
2109,반팔
2110,반품
2111,반항
2112,반항심
2113,반혼수
2114,반회장
2115,받개
2116,발가락
2117,발각
2118,발걸음
2119,발견
2120,발광
2121,발급
2122,발기
2123,발길
2124,발단
2125,발달
2126,발돋움
2127,발등
2128,발라드
2129,발매
2130,발모
2131,발목
2132,발바닥
2133,발바리
2134,발버둥
2135,발병
2136,발생
2137,발설
2138,발소리
2139,발악
2140,발암
2141,발언
2142,발음
2143,발자국
2144,발작
2145,발작성
2146,발전
2147,발진
2148,발차기
2149,발표
2150,발휘
2151,밤낮
2152,밤새
2153,밤샘
2154,밤일
2155,밤잠
2156,밤중
2157,밥값
2158,밥그릇
2159,밥맛
2160,밥버러지
2161,밥벌이
2162,밥상
2163,밥알
2164,밥풀
2165,밧줄
2166,방가
2167,방관
2168,방광
2169,방광염
2170,방구석
2171,방금
2172,방뇨
2173,방면
2174,방문
2175,방바닥
2176,방법
2177,방부제
2178,방사
2179,방속
2180,방송
2181,방송사
2182,방식
2183,방안
2184,방약
2185,방어
2186,방어기제
2187,방에
2188,방울
2189,방임
2190,방장
2191,방정
2192,방치
2193,방콕
2194,방학
2195,방해
2196,방향
2197,방향치
2198,방화복
2199,방황
2200,배경
2201,배고픔
2202,배긴
2203,배꼽
2204,배뇨
2205,배달
2206,배드민턴
2207,배란기
2208,배려
2209,배변
2210,배부름
2211,배성범
2212,배송지
2213,배신
2214,배신감
2215,배역
2216,배열
2217,배우
2218,배우자
2219,배정
2220,배치
2221,배터리
2222,배트
2223,배회
2224,백만
2225,백미러
2226,백색
2227,백수
2228,백수가
2229,백신
2230,백억
2231,백지
2232,백혈병
2233,백화점
2234,밴드
2235,버럭
2236,버릇
2237,버섯
2238,버스
2239,버주
2240,버튼
2241,번식
2242,번은
2243,번이
2244,번지
2245,번집니다
2246,번호
2247,번호판
2248,번화가
2249,벌금
2250,벌레
2251,벌지
2252,벌집
2253,범위
2254,범인
2255,범죄
2256,범죄자
2257,범주
2258,법률
2259,법요
2260,법칙
2261,벙어리
2262,베가
2263,베개
2264,베란다
2265,베리
2266,베스트
2267,베이
2268,베이스
2269,베이트
2270,베일
2271,베타
2272,벤라팍신
2273,벤즈
2274,벤처
2275,벤츠
2276,벼락
2277,벼락치기
2278,벽돌
2279,벽시계
2280,벽장
2281,벽지
2282,변경
2283,변기
2284,변기통
2285,변덕
2286,변동
2287,변명
2288,변비
2289,변비약
2290,변질
2291,변태
2292,변형
2293,변화
2294,별개
2295,별거
2296,별것
2297,별게
2298,별로
2299,별명
2300,별소리
2301,별수단
2302,별일
2303,병가
2304,병간호
2305,병결
2306,병동
2307,병력
2308,병리
2309,병명
2310,병무청
2311,병반
2312,병사
2313,병식
2314,병신
2315,병실
2316,병역
2317,병용
2318,병원
2319,병원장
2320,병일
2321,병자
2322,병전
2323,병정
2324,병행
2325,병환
2326,보건
2327,보건소
2328,보고
2329,보급관
2330,보네달
2331,보람
2332,보령
2333,보름
2334,보릿자루
2335,보복
2336,보상
2337,보수
2338,보스
2339,보안
2340,보약
2341,보완
2342,보유
2343,보일러
2344,보일러실
2345,보장
2346,보조
2347,보조제
2348,보증
2349,보진
2350,보충
2351,보톡스
2352,보통
2353,보트
2354,보편
2355,보험
2356,보험금
2357,보험료
2358,보호
2359,보호자
2360,복귀
2361,복기
2362,복달
2363,복도
2364,복무
2365,복부
2366,복사
2367,복수
2368,복싱
2369,복용
2370,복용량
2371,복원
2372,복종
2373,복지
2374,복통
2375,복판
2376,복학
2377,복학생
2378,복합
2379,본가
2380,본격
2381,본능
2382,본드
2383,본디
2384,본론
2385,본모습
2386,본성
2387,본연
2388,본의
2389,본인
2390,본지
2391,본태
2392,볼링
2393,볼일
2394,볼펜
2395,봄날
2396,봉급생활
2397,봉다리
2398,봉봉
2399,봉사
2400,봉욕
2401,봉지
2402,봉투
2403,봉합
2404,부근
2405,부금
2406,부끄러움
2407,부끄럼
2408,부녀
2409,부담
2410,부담감
2411,부당
2412,부대
2413,부도
2414,부류
2415,부모
2416,부반장
2417,부부
2418,부분
2419,부사관
2420,부산
2421,부상
2422,부서
2423,부수
2424,부술
2425,부스
2426,부스러기
2427,부실
2428,부양
2429,부엌
2430,부여
2431,부위
2432,부유
2433,부응
2434,부인
2435,부인과
2436,부자
2437,부작용
2438,부적
2439,부적응
2440,부절
2441,부정
2442,부정맥
2443,부조리
2444,부족
2445,부주의
2446,부증
2447,부지
2448,부진
2449,부천
2450,부친
2451,부탁
2452,부테
2453,부트
2454,부하
2455,부활
2456,부회장
2457,부흥
2458,분가
2459,분간
2460,분개
2461,분계
2462,분과
2463,분기
2464,분노
2465,분대
2466,분도
2467,분동
2468,분량
2469,분류
2470,분리
2471,분리수거
2472,분만
2473,분명
2474,분모
2475,분비
2476,분비물
2477,분사
2478,분산
2479,분석
2480,분식
2481,분식집
2482,분실
2483,분야
2484,분에
2485,분열
2486,분열병
2487,분열증
2488,분위기
2489,분이
2490,분쟁
2491,분전
2492,분정
2493,분주
2494,분진
2495,분출
2496,분포
2497,분해
2498,분홍
2499,분홍색
2500,분후
2501,불가
2502,불능증
2503,불덩이
2504,불량
2505,불럿
2506,불로
2507,불륜
2508,불리
2509,불만
2510,불면
2511,불면증
2512,불명
2513,불문
2514,불법
2515,불빛
2516,불순
2517,불시
2518,불신
2519,불안
2520,불안감
2521,불안도
2522,불안증
2523,불우
2524,불운
2525,불이익
2526,불찰
2527,불치병
2528,불쾌
2529,불편
2530,불평
2531,불평불만
2532,불행
2533,불화
2534,불효
2535,불후
2536,붕괴
2537,붕어
2538,붙이
2539,붙임
2540,브라더스
2541,브란
2542,브로
2543,브린
2544,블라인드
2545,블락스
2546,블랙
2547,블랙아웃
2548,블러
2549,비가역
2550,비강진
2551,비고
2552,비관
2553,비교
2554,비극
2555,비나
2556,비난
2557,비뇨기
2558,비누
2559,비눗기
2560,비닐봉지
2561,비대칭
2562,비둘기
2563,비디오
2564,비례
2565,비리
2566,비만
2567,비만도
2568,비명
2569,비몽
2570,비몽사몽
2571,비밀
2572,비방
2573,비번
2574,비봉면
2575,비상
2576,비상구
2577,비상식
2578,비수
2579,비스
2580,비아
2581,비약
2582,비염
2583,비용
2584,비웃음
2585,비위
2586,비율
2587,비일비재
2588,비자
2589,비즈니스
2590,비참
2591,비치
2592,비타
2593,비타민
2594,비타민제
2595,비트코인
2596,비판
2597,비하
2598,비행
2599,비행기
2600,비현
2601,비흡연자
2602,빈도
2603,빈도수
2604,빈맥
2605,빈속
2606,빈자리
2607,빈집
2608,빈혈
2609,빌딩
2610,빌라
2611,빌리
2612,빌리지
2613,빌미
2614,빙의
2615,빨래
2616,빵꾸
2617,빵집
2618,뺑소니
2619,뼛속
2620,뽀뽀
2621,뿌리
2622,사가
2623,사각
2624,사간
2625,사건
2626,사고
2627,사고력
2628,사고방식
2629,사고사
2630,사과
2631,사교
2632,사기
2633,사나
2634,사내
2635,사도
2636,사라
2637,사람
2638,사랑
2639,사례
2640,사로
2641,사리
2642,사립대
2643,사말
2644,사망
2645,사무
2646,사무실
2647,사무직
2648,사물
2649,사물함
2650,사방
2651,사방팔방
2652,사범
2653,사법
2654,사부
2655,사분
2656,사사
2657,사상
2658,사생활
2659,사설
2660,사시
2661,사실
2662,사악
2663,사안
2664,사양
2665,사업
2666,사연
2667,사와다
2668,사용
2669,사용량
2670,사원
2671,사유
2672,사은품
2673,사이
2674,사이드
2675,사이버
2676,사이비
2677,사이즈
2678,사이코패스
2679,사이트
2680,사자
2681,사장
2682,사전
2683,사절
2684,사정
2685,사주
2686,사지
2687,사직서
2688,사진
2689,사차원
2690,사창가
2691,사체
2692,사촌
2693,사춘
2694,사춘기
2695,사탕
2696,사태
2697,사팔뜨기
2698,사하구
2699,사항
2700,사형
2701,사회
2702,사회공포증
2703,사회면
2704,사회생활
2705,사흘
2706,삭감
2707,삭발
2708,삭전
2709,삭제
2710,산도스
2711,산만
2712,산부인과
2713,산사람
2714,산산조각
2715,산소
2716,산안
2717,산정
2718,산증
2719,산지
2720,산책
2721,산출
2722,산후
2723,살갗
2724,살결
2725,살날
2726,살대
2727,살도
2728,살돈
2729,살림
2730,살림살이
2731,살만
2732,살맛
2733,살인
2734,살인마
2735,살인자
2736,살전
2737,살집
2738,살짝
2739,살충제
2740,삼남
2741,삼복더위
2742,삼성
2743,삼수
2744,삼이
2745,삼진
2746,삼천포
2747,삼촌
2748,삼환
2749,삽입
2750,삽화
2751,상감
2752,상격
2753,상경
2754,상관
2755,상근
2756,상기
2757,상담
2758,상담소
2759,상담원
2760,상답
2761,상당
2762,상대
2763,상대방
2764,상반신
2765,상병
2766,상상
2767,상상도
2768,상상력
2769,상세
2770,상습
2771,상승
2772,상시
2773,상식
2774,상실
2775,상실감
2776,상위
2777,상의
2778,상자
2779,상처
2780,상체
2781,상태
2782,상품
2783,상하
2784,상호
2785,상황
2786,새끼
2787,새낀
2788,새내기
2789,새벽
2790,새부
2791,새서
2792,새아버지
2793,새아빠
2794,새엄마
2795,새우
2796,색깔
2797,색히
2798,샌가
2799,샌드위치
2800,생각
2801,생계
2802,생계유지
2803,생기
2804,생길
2805,생김
2806,생략
2807,생로병사
2808,생리
2809,생리대
2810,생리통
2811,생머리
2812,생명
2813,생명체
2814,생물
2815,생물학
2816,생산직
2817,생선
2818,생신
2819,생애
2820,생이
2821,생이별
2822,생일
2823,생전
2824,생존
2825,생체
2826,생활
2827,생활고
2828,생활관
2829,생활비
2830,샤시
2831,샤워
2832,샤이니
2833,샤프
2834,샤하
2835,샴푸
2836,서가
2837,서고
2838,서기
2839,서누
2840,서대문구
2841,서도
2842,서든
2843,서랍
2844,서러움
2845,서로
2846,서론
2847,서류
2848,서른
2849,서면
2850,서방
2851,서비스
2852,서비스업
2853,서술
2854,서요
2855,서울
2856,서울대
2857,서인
2858,서적
2859,서치
2860,서프라이즈
2861,서핑
2862,석면
2863,석사
2864,선교
2865,선단공포증
2866,선명
2867,선물
2868,선배
2869,선생
2870,선수
2871,선심
2872,선언
2873,선임
2874,선잠
2875,선정
2876,선진국
2877,선천
2878,선택
2879,선풍기
2880,선행상
2881,선호
2882,선후배
2883,설거지
2884,설교
2885,설득
2886,설득력
2887,설명
2888,설명서
2889,설문
2890,설문지
2891,설사
2892,설상가상
2893,설정
2894,설치
2895,설트랄린
2896,섭취
2897,성검사
2898,성격
2899,성공
2900,성과
2901,성관
2902,성관계
2903,성기
2904,성남
2905,성년자
2906,성능
2907,성당
2908,성대
2909,성매매
2910,성범죄자
2911,성별
2912,성분
2913,성생활
2914,성숙
2915,성실
2916,성욕
2917,성의
2918,성인
2919,성장
2920,성적
2921,성적표
2922,성전환
2923,성조숙증
2924,성질
2925,성찰
2926,성추행
2927,성취
2928,성취감
2929,성폭력
2930,성폭행
2931,성행위
2932,성향
2933,성형
2934,성형수술
2935,성형외과
2936,성희롱
2937,세간
2938,세계
2939,세계관
2940,세균
2941,세기
2942,세끼
2943,세뇌
2944,세로
2945,세로토닌
2946,세만
2947,세무서
2948,세병
2949,세부
2950,세사
2951,세상
2952,세세
2953,세수
2954,세알
2955,세오
2956,세요
2957,세월
2958,세이
2959,세인
2960,세인트
2961,세전
2962,세제
2963,세척
2964,세초
2965,세탁기
2966,세트
2967,세틴
2968,세포
2969,센가
2970,센스
2971,센치
2972,센타
2973,센터
2974,셀카
2975,셋째
2976,소개
2977,소개팅
2978,소거
2979,소견
2980,소귀
2981,소규모
2982,소극
2983,소나무
2984,소녀
2985,소년원
2986,소독
2987,소독약
2988,소라게
2989,소란
2990,소량
2991,소름
2992,소리
2993,소린지
2994,소릴
2995,소매
2996,소모
2997,소모임
2998,소모전
2999,소문
3000,소방관
3001,소방서
3002,소법
3003,소변
3004,소비
3005,소비자
3006,소설
3007,소설책
3008,소성
3009,소속
3010,소속감
3011,소송
3012,소수
3013,소시
3014,소식
3015,소실
3016,소심
3017,소아
3018,소아과
3019,소액결제
3020,소염
3021,소외
3022,소외감
3023,소요
3024,소용
3025,소원
3026,소위
3027,소유
3028,소유물
3029,소유욕
3030,소음
3031,소재
3032,소주
3033,소증
3034,소지
3035,소진
3036,소쿠리
3037,소통
3038,소티
3039,소파
3040,소풍
3041,소홀
3042,소화
3043,소화제
3044,속궁합
3045,속내
3046,속도
3047,속도위반
3048,속병
3049,속상
3050,속수무책
3051,속앓이
3052,속옷
3053,속일
3054,손가락
3055,손끝
3056,손난로
3057,손녀
3058,손녀딸
3059,손님
3060,손등
3061,손떨림증
3062,손목
3063,손바닥
3064,손발
3065,손버릇
3066,손상
3067,손위
3068,손자국
3069,손잡이
3070,손전등
3071,손주
3072,손지
3073,손찌검
3074,손톱
3075,손톱자국
3076,손해
3077,쇄골
3078,쇠약
3079,쇠젓가락
3080,쇼파
3081,쇼핑
3082,수강
3083,수개
3084,수개월
3085,수거
3086,수건
3087,수고
3088,수그
3089,수급
3090,수긍
3091,수난
3092,수년
3093,수다
3094,수단
3095,수도
3096,수도꼭지
3097,수돗가
3098,수동
3099,수련
3100,수록
3101,수료
3102,수리
3103,수만
3104,수면
3105,수면제
3106,수명
3107,수배
3108,수백
3109,수백만
3110,수사
3111,수상
3112,수생
3113,수설
3114,수세미
3115,수술
3116,수술대
3117,수술비
3118,수술실
3119,수습
3120,수시
3121,수식
3122,수십
3123,수업
3124,수염
3125,수영
3126,수영복
3127,수영장
3128,수요
3129,수요일
3130,수용
3131,수원
3132,수위
3133,수육
3134,수익
3135,수일
3136,수입
3137,수저
3138,수전증
3139,수정
3140,수족
3141,수준
3142,수줍음
3143,수증기
3144,수집
3145,수차
3146,수차례
3147,수천
3148,수치
3149,수치심
3150,수칙
3151,수퍼
3152,수평
3153,수포
3154,수학
3155,수학여행
3156,수행
3157,수행평가
3158,수험
3159,숙면
3160,숙모
3161,숙소
3162,숙제
3163,숙취
3164,순간
3165,순간순간
3166,순두부
3167,순서
3168,순수
3169,순식간
3170,순위
3171,순종
3172,순환
3173,숟가락
3174,숟갈
3175,술값
3176,술김
3177,술맛
3178,술버릇
3179,술병
3180,술자리
3181,술주정
3182,술집
3183,숨소리
3184,숨쉬기
3185,숨통
3186,숫기
3187,숫대
3188,숫자
3189,숫총각
3190,쉐보레
3191,쉬려
3192,쉬원
3193,쉼터
3194,슈퍼
3195,스님
3196,스도
3197,스랑
3198,스마트폰
3199,스물
3200,스스로
3201,스완
3202,스위치
3203,스케줄
3204,스쿼시
3205,스키장
3206,스킨
3207,스킨십
3208,스타
3209,스타일
3210,스타트
3211,스탈
3212,스탠드
3213,스테로이드
3214,스텐
3215,스토리
3216,스트레스
3217,스트레이트
3218,스트레칭
3219,스티렌
3220,스틱
3221,스틸
3222,스판
3223,스페이스
3224,스페인어
3225,스펙
3226,스펜
3227,스포츠
3228,스피치
3229,슬로프
3230,슬픔
3231,습관
3232,습기
3233,습득
3234,습성
3235,습진
3236,승낙
3237,승용차
3238,승질
3239,시가
3240,시각
3241,시간
3242,시간대
3243,시간표
3244,시강
3245,시건
3246,시경
3247,시계
3248,시골
3249,시공
3250,시구
3251,시근
3252,시기
3253,시나리오
3254,시내
3255,시내버스
3256,시늉
3257,시대
3258,시댁
3259,시도
3260,시력
3261,시련
3262,시반
3263,시발
3264,시발점
3265,시부
3266,시비
3267,시사
3268,시사회
3269,시샘
3270,시선
3271,시설
3272,시술
3273,시스템
3274,시신
3275,시아버지
3276,시야
3277,시어머니
3278,시어머님
3279,시외버스
3280,시원
3281,시위
3282,시일
3283,시작
3284,시절
3285,시점
3286,시중
3287,시집
3288,시청
3289,시체
3290,시초
3291,시판
3292,시포
3293,시피
3294,시행
3295,시험
3296,시험지
3297,식감
3298,식구
3299,식기
3300,식단
3301,식당
3302,식도
3303,식도염
3304,식량
3305,식물
3306,식별
3307,식비
3308,식사
3309,식사량
3310,식상
3311,식생활
3312,식습관
3313,식욕
3314,식은땀
3315,식이
3316,식전
3317,식칼
3318,식탁
3319,식탐
3320,식품
3321,식후
3322,신검
3323,신경
3324,신경과
3325,신경과민
3326,신경외과
3327,신경증
3328,신경질
3329,신고
3330,신기
3331,신뢰
3332,신리
3333,신문
3334,신문지
3335,신물
3336,신발
3337,신부
3338,신분
3339,신비주의
3340,신상
3341,신성
3342,신세
3343,신세타령
3344,신시
3345,신아
3346,신앙
3347,신앙심
3348,신용
3349,신음
3350,신인
3351,신입
3352,신정
3353,신중
3354,신지
3355,신청
3356,신체
3357,신호
3358,신호등
3359,신혼
3360,실감
3361,실과
3362,실기
3363,실내
3364,실내악
3365,실눈
3366,실력
3367,실례
3368,실망
3369,실망감
3370,실명
3371,실문
3372,실물
3373,실상
3374,실속
3375,실수
3376,실습
3377,실시
3378,실신
3379,실어증
3380,실언
3381,실업
3382,실연
3383,실오라기
3384,실전
3385,실정
3386,실제
3387,실종
3388,실증
3389,실질
3390,실천
3391,실체
3392,실타
3393,실토
3394,실패
3395,실패자
3396,실핏줄
3397,실행
3398,실험
3399,싫증
3400,심경
3401,심계
3402,심근
3403,심기
3404,심리
3405,심리사
3406,심리치료
3407,심리학
3408,심리학자
3409,심마
3410,심박수
3411,심발
3412,심부름
3413,심신
3414,심약
3415,심장
3416,심장병
3417,심전
3418,심전도
3419,심정
3420,심증
3421,심취
3422,심판
3423,심해
3424,심호흡
3425,심화
3426,십고
3427,십수
3428,십중팔구
3429,싱글
3430,싱크대
3431,싸가지
3432,싸움
3433,싸이코
3434,싸이클
3435,쌍욕
3436,썸씽
3437,쎄로
3438,쓰래
3439,쓰레기
3440,쓰레기통
3441,쓰리
3442,쓴맛
3443,쓸개
3444,쓸모
3445,씀씀이
3446,씨방
3447,씨알
3448,아가씨
3449,아기
3450,아까
3451,아난다
3452,아내
3453,아동
3454,아드
3455,아들
3456,아라비아
3457,아래
3458,아랫배
3459,아르바이트
3460,아름
3461,아무
3462,아무거
3463,아무것
3464,아무데
3465,아무짝
3466,아미노
3467,아버님
3468,아버지
3469,아버진
3470,아부
3471,아빌
3472,아빠
3473,아빤
3474,아세톤
3475,아세트
3476,아세트아미노펜
3477,아스팔트
3478,아스퍼거
3479,아스피린
3480,아시냐
3481,아야
3482,아웃사이더
3483,아이
3484,아이돌
3485,아이디
3486,아이스크림
3487,아이콘
3488,아이큐
3489,아이템
3490,아저씨
3491,아주머니
3492,아줌마
3493,아차
3494,아침
3495,아침밥
3496,아침잠
3497,아토피
3498,아티
3499,아파트
3500,아픔
3501,아핀
3502,아홉
3503,악감정
3504,악기
3505,악담
3506,악마
3507,악몽
3508,악순환
3509,악영향
3510,악장
3511,악조건
3512,악착
3513,악화
3514,안가
3515,안간힘
3516,안개
3517,안경
3518,안경알
3519,안구
3520,안나
3521,안내
3522,안녕
3523,안달
3524,안대
3525,안도
3526,안마
3527,안면
3528,안방
3529,안부
3530,안색
3531,안서
3532,안심
3533,안음
3534,안전
3535,안전벨트
3536,안정
3537,안정제
3538,안주
3539,안주인
3540,안쪽
3541,알단
3542,알람
3543,알레르기
3544,알림장
3545,알바
3546,알바라
3547,알약
3548,알정
3549,알츠하이머
3550,알츠하이머병
3551,알코올
3552,알코올성
3553,알콜
3554,알통
3555,알프
3556,알프라졸람
3557,암기
3558,암막
3559,암산
3560,암시
3561,암울
3562,암투병
3563,암페타민
3564,암호
3565,압도
3566,압박
3567,압박감
3568,압사
3569,앙금
3570,앞가림
3571,앞길
3572,앞날
3573,앞뒤
3574,앞마당
3575,앞면
3576,앞부분
3577,앞사람
3578,앞일
3579,앞자리
3580,앞장
3581,앞쪽
3582,앞턱
3583,애교
3584,애기
3585,애늙은이
3586,애니
3587,애니메이션
3588,애비
3589,애서
3590,애완
3591,애완견
3592,애용
3593,애인
3594,애정
3595,애증
3596,애착
3597,애초
3598,애칭
3599,액땜
3600,액션
3601,액자
3602,액정
3603,액체
3604,액티비티
3605,앤가
3606,앤지
3607,앨범
3608,야간
3609,야경증
3610,야구
3611,야근
3612,야기
3613,야뇨증
3614,야단
3615,야동
3616,야생
3617,야속
3618,야식
3619,야유
3620,야자
3621,야지
3622,야참
3623,야한
3624,약간
3625,약값
3626,약과
3627,약국
3628,약도
3629,약물
3630,약발
3631,약복
3632,약사
3633,약소
3634,약속
3635,약용량
3636,약이
3637,약점
3638,약제
3639,약품
3640,약효
3641,얌체
3642,양가
3643,양계장
3644,양념
3645,양도
3646,양띠
3647,양말
3648,양반
3649,양방
3650,양보
3651,양봉
3652,양성
3653,양손
3654,양아치
3655,양안
3656,양육비
3657,양육자
3658,양재
3659,양주
3660,양쪽
3661,양측
3662,양치
3663,양치질
3664,양친
3665,양해
3666,양호
3667,얘기
3668,얘긴
3669,얘긴데
3670,얘길
3671,어거지
3672,어기
3673,어깨
3674,어둠
3675,어디
3676,어딘
3677,어딘가
3678,어딘가요
3679,어딜
3680,어려움
3681,어르신
3682,어른
3683,어리광
3684,어린아이
3685,어린애
3686,어린이
3687,어린이집
3688,어립
3689,어머니
3690,어머닌
3691,어머님
3692,어색
3693,어서
3694,어성
3695,어영
3696,어정
3697,어제
3698,어젯밤
3699,어지럼증
3700,어차
3701,어처구니
3702,어투
3703,어필
3704,어휘
3705,억압
3706,억장
3707,억제
3708,억제제
3709,억지
3710,억지웃음
3711,언급
3712,언니
3713,언덕
3714,언변
3715,언성
3716,언어
3717,언어폭력
3718,언재
3719,언쟁
3720,언저리
3721,언제
3722,언젠
3723,언젠가
3724,언행
3725,얼굴
3726,얼마
3727,얼마간
3728,엄두
3729,엄마
3730,엄만
3731,엄살
3732,엄습
3733,엄지발가락
3734,업무
3735,업소
3736,업자
3737,업적
3738,업체
3739,엉덩이
3740,엉망
3741,엊그제
3742,에너지
3743,에러
3744,에로
3745,에서
3746,에스시
3747,에스컬레이터
3748,에어컨
3749,에이
3750,에이즈
3751,에코
3752,에타
3753,에프
3754,에피소드
3755,엑소시스트
3756,엑스레이
3757,엘레
3758,엘리베이터
3759,엘리트
3760,엠피
3761,여가
3762,여건
3763,여고
3764,여고생
3765,여관
3766,여교사
3767,여기
3768,여기저기
3769,여긴
3770,여길
3771,여깁니다
3772,여년
3773,여담
3774,여대
3775,여대생
3776,여동생
3777,여드름
3778,여러분
3779,여럿
3780,여력
3781,여름
3782,여름날
3783,여부
3784,여분
3785,여새
3786,여섯
3787,여성
3788,여성향
3789,여우
3790,여유
3791,여의사
3792,여자
3793,여잔
3794,여잔데
3795,여잔데요
3796,여잡니다
3797,여장
3798,여중
3799,여중생
3800,여친
3801,여파
3802,여학생
3803,여행
3804,여행가
3805,여행도
3806,역동
3807,역류
3808,역서
3809,역설
3810,역전
3811,역할
3812,역할극
3813,역효과
3814,연갈색
3815,연결
3816,연계
3817,연관
3818,연구
3819,연구소
3820,연금
3821,연기
3822,연기자
3823,연락
3824,연락처
3825,연령
3826,연말
3827,연명
3828,연민
3829,연봉
3830,연분홍
3831,연세
3832,연속
3833,연쇄
3834,연수
3835,연수원
3836,연습
3837,연식
3838,연애
3839,연애고
3840,연예
3841,연예인
3842,연유
3843,연인
3844,연장선
3845,연주
3846,연주자
3847,연체
3848,연탄불
3849,연하
3850,연하곤란
3851,연휴
3852,열거
3853,열등
3854,열등감
3855,열람
3856,열불
3857,열사병
3858,열쇠
3859,열정
3860,열중
3861,열지
3862,열흘
3863,염두
3864,염려
3865,염려증
3866,염산
3867,염산염
3868,염세
3869,염약
3870,영과
3871,영광
3872,영구
3873,영국
3874,영단
3875,영덕
3876,영문
3877,영상
3878,영상물
3879,영성
3880,영수증
3881,영양
3882,영양가
3883,영양소
3884,영양실조
3885,영양제
3886,영어
3887,영업
3888,영역
3889,영원
3890,영장
3891,영재
3892,영적
3893,영향
3894,영혼
3895,영화
3896,영화관
3897,영화배우
3898,영활
3899,옆구리
3900,옆머리
3901,옆방
3902,옆집
3903,옆쪽
3904,예기
3905,예민도
3906,예방
3907,예방법
3908,예비
3909,예비군
3910,예비역
3911,예삿일
3912,예상
3913,예수
3914,예술
3915,예술혼
3916,예시
3917,예약
3918,예언
3919,예외
3920,예의
3921,예전
3922,예정
3923,예정일
3924,예체능
3925,예측
3926,예후
3927,옛날
3928,오각형
3929,오기
3930,오늘
3931,오락
3932,오락실
3933,오래
3934,오래전
3935,오랜만
3936,오랫동안
3937,오랫만
3938,오른손
3939,오른쪽
3940,오름
3941,오리
3942,오물
3943,오바
3944,오백
3945,오버
3946,오브
3947,오빠
3948,오심
3949,오열
3950,오염
3951,오유
3952,오전
3953,오줌
3954,오지
3955,오지랖
3956,오징어
3957,오차
3958,오카리나
3959,오케스트라
3960,오타
3961,오타쿠
3962,오프라인
3963,오픈
3964,오픈카
3965,오한
3966,오해
3967,오후
3968,옥상
3969,온기
3970,온라인
3971,온몸
3972,온지
3973,온화
3974,올가미
3975,올스타
3976,올해
3977,옵션
3978,옷가지
3979,옷깃
3980,옷장
3981,와이프
3982,와중
3983,와해
3984,왁스
3985,완료
3986,완벽
3987,완벽주의
3988,완성
3989,완전
3990,완전무결
3991,완치
3992,완쾌
3993,완하
3994,완화
3995,왕따
3996,왕래
3997,왕복
3998,왕성
3999,왜곡
4000,왜사
4001,외계인
4002,외고
4003,외과
4004,외과의사
4005,외국
4006,외국산
4007,외국어
4008,외도
4009,외동
4010,외딴곳
4011,외래
4012,외로움
4013,외면
4014,외모
4015,외박
4016,외부
4017,외삼촌
4018,외상
4019,외서
4020,외성
4021,외소
4022,외숙모
4023,외식
4024,외지
4025,외출
4026,외톨
4027,외톨이
4028,외할머니
4029,외할아버지
4030,외향
4031,왼손
4032,왼쪽
4033,왼팔
4034,요가
4035,요구
4036,요금
4037,요도
4038,요리
4039,요번
4040,요법
4041,요사이
4042,요새
4043,요세
4044,요소
4045,요술
4046,요실금
4047,요약
4048,요양
4049,요양원
4050,요요
4051,요원
4052,요인
4053,요일
4054,요점
4055,요즈음
4056,요즘
4057,요지
4058,요집
4059,요청
4060,요크셔테리어
4061,요통
4062,욕구
4063,욕동
4064,욕망
4065,욕설
4066,욕실
4067,욕심
4068,용건
4069,용기
4070,용납
4071,용도
4072,용돈
4073,용량
4074,용서
4075,용어
4076,용인
4077,용품
4078,우뇌
4079,우늘
4080,우려
4081,우로
4082,우리
4083,우발
4084,우산
4085,우선
4086,우수
4087,우스
4088,우애
4089,우연
4090,우울
4091,우울증
4092,우월
4093,우유
4094,우유부단
4095,우정
4096,우주
4097,우측
4098,우황
4099,우황청심환
4100,운도
4101,운동
4102,운동가
4103,운동장
4104,운동회
4105,운명
4106,운영
4107,운적
4108,운전
4109,운전자
4110,울렁증
4111,울리
4112,울림
4113,울림소리
4114,울분
4115,울음
4116,울적
4117,울증
4118,울지
4119,울화
4120,울화병
4121,울화통
4122,움직임
4123,웃간
4124,웃음
4125,웃음기
4126,웃통
4127,웅변대회
4128,워크
4129,워킹
4130,원곡
4131,원급
4132,원대
4133,원래
4134,원룸
4135,원리
4136,원만
4137,원망
4138,원상
4139,원서
4140,원수
4141,원시
4142,원인
4143,원장
4144,원점
4145,원정
4146,원주
4147,원천
4148,원초
4149,원칙
4150,원형
4151,원활
4152,월경
4153,월급
4154,월말
4155,월세
4156,월요일
4157,월전
4158,월초
4159,웨이
4160,웨이트
4161,웹툰
4162,위궤양
4163,위기
4164,위기감
4165,위내시경
4166,위로
4167,위생
4168,위성
4169,위아래
4170,위안
4171,위암
4172,위에
4173,위염
4174,위인
4175,위자
4176,위장
4177,위장약
4178,위주
4179,위쪽
4180,위축
4181,위축감
4182,위층
4183,위치
4184,위해
4185,위험
4186,위협
4187,윗배
4188,윗부분
4189,윗분
4190,윗사람
4191,윗선
4192,윗집
4193,유교
4194,유구
4195,유급
4196,유난
4197,유년
4198,유년기
4199,유니
4200,유대
4201,유대감
4202,유도
4203,유동
4204,유료
4205,유리
4206,유리잔
4207,유리창
4208,유리컵
4209,유머
4210,유머러스
4211,유명
4212,유모차
4213,유발
4214,유사
4215,유산
4216,유산소
4217,유서
4218,유소년
4219,유수
4220,유아
4221,유언장
4222,유유
4223,유유자적
4224,유의
4225,유인
4226,유일
4227,유전
4228,유전자
4229,유증
4230,유지
4231,유출
4232,유치원
4233,유쾌
4234,유통
4235,유투
4236,유튜브
4237,유학
4238,유형
4239,유혹
4240,유흥
4241,유흥비
4242,유흥업소
4243,육교
4244,육군
4245,육수
4246,육신
4247,육아
4248,육안
4249,육지
4250,육체
4251,윤곽
4252,윤리
4253,융합
4254,융화
4255,윽박
4256,은근
4257,은둔
4258,은신처
4259,은연
4260,은연중
4261,은지
4262,은폐
4263,은행
4264,은혜
4265,음란
4266,음란물
4267,음료
4268,음료수
4269,음모
4270,음성
4271,음식
4272,음식량
4273,음식물
4274,음식점
4275,음악
4276,음정
4277,음주
4278,음주운전
4279,음치
4280,응급
4281,응급실
4282,응급처치
4283,응단
4284,응대
4285,응력
4286,응시
4287,응어리
4288,응원
4289,의가
4290,의견
4291,의경
4292,의기소침
4293,의기양양
4294,의논
4295,의대
4296,의도
4297,의료
4298,의료인
4299,의무
4300,의문
4301,의미
4302,의복
4303,의부증
4304,의사
4305,의사소통
4306,의식
4307,의심
4308,의아
4309,의약품
4310,의외
4311,의요
4312,의원
4313,의자
4314,의정부
4315,의존
4316,의존도
4317,의지
4318,의지력
4319,의처
4320,의처증
4321,의척
4322,의학
4323,의향
4324,의혹
4325,이간질
4326,이거
4327,이건
4328,이걸
4329,이걸로
4330,이겁니다
4331,이것
4332,이것저것
4333,이게
4334,이곳
4335,이곳저곳
4336,이과
4337,이기
4338,이기주의
4339,이끼
4340,이나
4341,이념
4342,이놈
4343,이대로
4344,이대학
4345,이동
4346,이득
4347,이듭
4348,이때
4349,이래
4350,이레
4351,이력
4352,이력서
4353,이론
4354,이름
4355,이마
4356,이만저만
4357,이만큼
4358,이메일
4359,이명
4360,이명인
4361,이모
4362,이모부
4363,이목
4364,이목구비
4365,이물감
4366,이미지
4367,이미프라민
4368,이민
4369,이번
4370,이별
4371,이복형제
4372,이분
4373,이불
4374,이불속
4375,이비인후과
4376,이빨
4377,이사
4378,이상
4379,이상문
4380,이상황
4381,이성
4382,이세상
4383,이수근
4384,이슬
4385,이시형
4386,이싱
4387,이야기
4388,이야길
4389,이약
4390,이어폰
4391,이완
4392,이외
4393,이용
4394,이웃
4395,이웃집
4396,이원인
4397,이유
4398,이익
4399,이입
4400,이전
4401,이정
4402,이제
4403,이젠
4404,이주일
4405,이중
4406,이중구
4407,이중성
4408,이중인격
4409,이지나
4410,이직
4411,이질감
4412,이쪽
4413,이쪽저쪽
4414,이치
4415,이탈리아
4416,이탈리아어
4417,이터
4418,이틀
4419,이프
4420,이하
4421,이학교
4422,이해
4423,이해력
4424,이행
4425,이현상
4426,이호선
4427,이혼
4428,이후
4429,익명
4430,익명성
4431,익스프레스
4432,인간
4433,인감
4434,인강
4435,인거
4436,인격
4437,인격체
4438,인계
4439,인과
4440,인관
4441,인구
4442,인근
4443,인기
4444,인기척
4445,인긴
4446,인내
4447,인대
4448,인데
4449,인도
4450,인력
4451,인맥
4452,인문
4453,인물
4454,인사
4455,인사동
4456,인사불성
4457,인상
4458,인생
4459,인생관
4460,인생살이
4461,인성
4462,인수
4463,인스턴트
4464,인식
4465,인신공격
4466,인연
4467,인원
4468,인정
4469,인증
4470,인지
4471,인진
4472,인천
4473,인체
4474,인칭
4475,인터넷
4476,인터뷰
4477,인터페론
4478,인턴
4479,인품
4480,인형
4481,일간
4482,일경
4483,일곱
4484,일과
4485,일구
4486,일기
4487,일기장
4488,일다
4489,일대
4490,일동
4491,일러스트
4492,일레
4493,일렬
4494,일로
4495,일마
4496,일만
4497,일머리
4498,일반
4499,일반인
4500,일방
4501,일병
4502,일보
4503,일본
4504,일본어
4505,일부
4506,일부분
4507,일상
4508,일색
4509,일생
4510,일수
4511,일순
4512,일순간
4513,일시
4514,일쑤
4515,일안
4516,일어
4517,일요일
4518,일원
4519,일이
4520,일인
4521,일자
4522,일자리
4523,일전
4524,일정
4525,일종
4526,일주
4527,일주일
4528,일중
4529,일중독
4530,일지
4531,일차
4532,일치
4533,일터
4534,일화
4535,일회성
4536,일후
4537,임기
4538,임대
4539,임산부
4540,임상
4541,임시방편
4542,임신
4543,임용
4544,임원
4545,임의
4546,임파선
4547,임팩트
4548,입구
4549,입금
4550,입꼬리
4551,입니다
4552,입대
4553,입력
4554,입맛
4555,입버릇
4556,입병
4557,입사
4558,입상도
4559,입술
4560,입안
4561,입양
4562,입영
4563,입원
4564,입원비
4565,입장
4566,입지
4567,입하
4568,입학
4569,입학식
4570,잇몸
4571,잉여
4572,잎파리
4573,자가
4574,자가용
4575,자각
4576,자각몽
4577,자건
4578,자게
4579,자격
4580,자격증
4581,자격지심
4582,자고
4583,자괴감
4584,자괴심
4585,자국
4586,자궁경부암
4587,자극
4588,자기
4589,자긴
4590,자길
4591,자나
4592,자녀
4593,자다
4594,자도
4595,자동
4596,자동차
4597,자든
4598,자락
4599,자랑
4600,자럼
4601,자려
4602,자료
4603,자리
4604,자린데
4605,자릴
4606,자만심
4607,자면
4608,자문
4609,자발
4610,자본
4611,자부
4612,자부심
4613,자분
4614,자사
4615,자살
4616,자서
4617,자세
4618,자수성가
4619,자습
4620,자식
4621,자신
4622,자신감
4623,자심
4624,자아
4625,자아도취
4626,자아상
4627,자야
4628,자연
4629,자연사
4630,자영업
4631,자요
4632,자위
4633,자유
4634,자율
4635,자음
4636,자의
4637,자의식
4638,자이레
4639,자인
4640,자장가
4641,자재
4642,자전거
4643,자정
4644,자제
4645,자제력
4646,자조
4647,자존
4648,자존심
4649,자주
4650,자지
4651,자진
4652,자질
4653,자책
4654,자책감
4655,자처
4656,자체
4657,자초
4658,자초지종
4659,자취
4660,자취방
4661,자타
4662,자퇴
4663,자퇴서
4664,자판
4665,자폐성
4666,자폐아
4667,자폐증
4668,자포자기
4669,자학
4670,자해
4671,작년
4672,작도
4673,작동
4674,작성
4675,작심
4676,작업
4677,작용
4678,작용기
4679,작정
4680,작품
4681,잔걱정
4682,잔고
4683,잔소리
4684,잔액
4685,잔업
4686,잔적
4687,잔지
4688,잘못
4689,잠가
4690,잠결
4691,잠깐
4692,잠꼬대
4693,잠망
4694,잠수
4695,잠시
4696,잠자리
4697,잠재
4698,잠재력
4699,잠적
4700,잡념
4701,잡담
4702,잡생각
4703,잡소리
4704,잡음
4705,잡지
4706,장거리
4707,장구
4708,장기
4709,장기간
4710,장난
4711,장남
4712,장녀
4713,장농
4714,장다
4715,장담
4716,장독대
4717,장래
4718,장례식
4719,장례식장
4720,장롱
4721,장말
4722,장면
4723,장모
4724,장모님
4725,장문
4726,장미색
4727,장방형
4728,장복
4729,장비
4730,장사
4731,장소
4732,장손
4733,장시간
4734,장애
4735,장염
4736,장예
4737,장인어른
4738,장점
4739,장정
4740,장증
4741,장창
4742,장치
4743,장학금
4744,장한평역
4745,장황
4746,재가
4747,재고
4748,재기
4749,재능
4750,재료
4751,재물
4752,재미
4753,재발
4754,재산
4755,재생
4756,재수
4757,재수생
4758,재수술
4759,재앙
4760,재원
4761,재일
4762,재작년
4763,재주
4764,재질
4765,재채기
4766,재택근무
4767,재학
4768,재혼
4769,재흡수
4770,쟁반
4771,저거
4772,저걸
4773,저것
4774,저게
4775,저그
4776,저글
4777,저금통
4778,저기
4779,저기압
4780,저녁
4781,저녁때
4782,저녁밥
4783,저년
4784,저번
4785,저서
4786,저세상
4787,저수지
4788,저승
4789,저시
4790,저애
4791,저약
4792,저욕
4793,저의
4794,저이
4795,저주
4796,저지
4797,저질
4798,저쪽
4799,저차
4800,저하
4801,저학년
4802,저항
4803,저혈압
4804,저희
4805,적극
4806,적금
4807,적대감
4808,적대시
4809,적도
4810,적보
4811,적성
4812,적용
4813,적응
4814,적응력
4815,적임
4816,적자
4817,전개
4818,전공
4819,전과
4820,전교
4821,전구
4822,전국
4823,전기
4824,전기세
4825,전기요
4826,전날
4827,전능
4828,전다
4829,전달
4830,전데
4831,전도사
4832,전두엽
4833,전등
4834,전라북도
4835,전락
4836,전류
4837,전망
4838,전문
4839,전문가
4840,전문대
4841,전문의
4842,전문직
4843,전문학교
4844,전반
4845,전복
4846,전부
4847,전부미
4848,전설
4849,전세
4850,전술
4851,전시회
4852,전신
4853,전신사진
4854,전업주부
4855,전역
4856,전염
4857,전완근
4858,전원
4859,전이
4860,전임
4861,전자
4862,전쟁
4863,전쟁물
4864,전전
4865,전전긍긍
4866,전정
4867,전제
4868,전조
4869,전증
4870,전지전능
4871,전직
4872,전집
4873,전철
4874,전체
4875,전치
4876,전투
4877,전학
4878,전향
4879,전형
4880,전화
4881,전화기
4882,전화번호부
4883,전화벨
4884,전환
4885,전후
4886,절교
4887,절대
4888,절도
4889,절망
4890,절망감
4891,절반
4892,절식
4893,절약
4894,절정
4895,절제
4896,절차
4897,절친
4898,절피
4899,점검
4900,점도
4901,점령
4902,점수
4903,점시
4904,점심
4905,점심때
4906,점원
4907,점정
4908,점집
4909,점퍼
4910,점프
4911,접관
4912,접근
4913,접대
4914,접수
4915,접점
4916,접종
4917,젓가락
4918,정과
4919,정규
4920,정기
4921,정내
4922,정년
4923,정당방위
4924,정도
4925,정도언
4926,정돈
4927,정돕니다
4928,정두
4929,정렬
4930,정류장
4931,정리
4932,정말
4933,정망
4934,정맥
4935,정맥류
4936,정면
4937,정문
4938,정밀
4939,정반대
4940,정병원
4941,정보
4942,정부
4943,정분
4944,정산
4945,정상
4946,정상인
4947,정상치
4948,정색
4949,정서
4950,정석
4951,정성
4952,정수기
4953,정시
4954,정식
4955,정신
4956,정신과
4957,정신력
4958,정신병
4959,정신병자
4960,정액
4961,정약
4962,정오
4963,정은
4964,정의
4965,정인
4966,정일
4967,정작
4968,정적
4969,정제
4970,정죄
4971,정중
4972,정중앙
4973,정지
4974,정지선
4975,정직
4976,정차
4977,정착
4978,정체
4979,정치
4980,정품
4981,정형외과
4982,정확
4983,정확도
4984,정황
4985,제가
4986,제거
4987,제게
4988,제게는
4989,제겐
4990,제공
4991,제과
4992,제군
4993,제기
4994,제긴
4995,제눈
4996,제눈에
4997,제대
4998,제도
4999,제동
5000,제딴에는
5001,제때
5002,제맘대로
5003,제명
5004,제목
5005,제몸을
5006,제물
5007,제발
5008,제방
5009,제병
5010,제보
5011,제빵
5012,제산제
5013,제삼자
5014,제선
5015,제스
5016,제스처
5017,제시간
5018,제안
5019,제압
5020,제약
5021,제어
5022,제외
5023,제욕
5024,제위
5025,제일
5026,제자
5027,제자리
5028,제자리걸음
5029,제자신이
5030,제재
5031,제정신
5032,제제
5033,제주도
5034,제차
5035,제출
5036,제탓이
5037,제품
5038,제하
5039,제한
5040,제한선
5041,제힘
5042,젠더
5043,조각
5044,조건
5045,조금
5046,조깅
5047,조돈
5048,조롱
5049,조루증
5050,조리
5051,조만
5052,조명
5053,조미료
5054,조별
5055,조부모
5056,조사
5057,조상대
5058,조선
5059,조성
5060,조수석
5061,조숙
5062,조심
5063,조아
5064,조언
5065,조예
5066,조용
5067,조용한
5068,조우
5069,조울증
5070,조원
5071,조절
5072,조정
5073,조제
5074,조종
5075,조증
5076,조취
5077,조치
5078,조카
5079,조퇴
5080,조폭
5081,조합
5082,조현
5083,조회
5084,족구
5085,족족
5086,존댓말
5087,존성
5088,존스
5089,존재
5090,졸로
5091,졸업
5092,졸업반
5093,졸업식
5094,졸업장
5095,졸음
5096,졸음운전
5097,종가
5098,종결
5099,종교
5100,종교관
5101,종교인
5102,종량제
5103,종료
5104,종류
5105,종사
5106,종사자
5107,종아리
5108,종이
5109,종이컵
5110,종이학
5111,종일
5112,종종
5113,종착역
5114,종학
5115,종합
5116,종현
5117,좌뇌
5118,좌석
5119,좌우
5120,좌절
5121,좌절감
5122,죄인
5123,죄책감
5124,주가
5125,주간
5126,주검
5127,주관
5128,주기
5129,주눅
5130,주도
5131,주동자
5132,주량
5133,주려
5134,주력
5135,주름
5136,주마등
5137,주만
5138,주말
5139,주머니
5140,주먹
5141,주먹다짐
5142,주목
5143,주무
5144,주문
5145,주민
5146,주방
5147,주변
5148,주변인
5149,주부
5150,주사
5151,주사기
5152,주세
5153,주세요
5154,주소
5155,주소록
5156,주식
5157,주심
5158,주약
5159,주요
5160,주위
5161,주의
5162,주의력
5163,주의자
5164,주인
5165,주인공
5166,주인집
5167,주일
5168,주입
5169,주장
5170,주저
5171,주저리
5172,주전
5173,주정
5174,주정도
5175,주제
5176,주중
5177,주차
5178,주책
5179,주체
5180,주최
5181,주치
5182,주치의
5183,주택
5184,주터
5185,주행
5186,주황색
5187,죽음
5188,죽지
5189,준비
5190,준비물
5191,준수
5192,준적
5193,줄거리
5194,줄기
5195,줄때
5196,중간
5197,중간고사
5198,중고
5199,중구난방
5200,중국인
5201,중기
5202,중길
5203,중단
5204,중당
5205,중도
5206,중독
5207,중독성
5208,중독자
5209,중동
5210,중반
5211,중상
5212,중소기업
5213,중순
5214,중시
5215,중심
5216,중요
5217,중위
5218,중의
5219,중절
5220,중점
5221,중증
5222,중지
5223,중천
5224,중추
5225,중퇴
5226,중학
5227,중학교
5228,중학생
5229,중형
5230,중환자실
5231,쥐뿔
5232,즈음
5233,즈이
5234,즈인
5235,즉사
5236,즉석
5237,즉시
5238,즐거움
5239,즐겨찾기
5240,증가
5241,증거
5242,증과
5243,증도
5244,증량
5245,증명
5246,증빙
5247,증사
5248,증상
5249,증상만
5250,증세
5251,증약
5252,증언
5253,증오
5254,증이
5255,증인
5256,증일
5257,증자
5258,증진
5259,증후군
5260,지가
5261,지각
5262,지간
5263,지갑
5264,지검
5265,지경
5266,지고
5267,지구
5268,지금
5269,지기
5270,지난번
5271,지난주
5272,지네
5273,지능
5274,지대
5275,지도
5276,지라
5277,지랄
5278,지랄병
5279,지랑
5280,지레짐작
5281,지려
5282,지력
5283,지름
5284,지마
5285,지면
5286,지목
5287,지문
5288,지방
5289,지배
5290,지병
5291,지불
5292,지붕
5293,지상
5294,지성
5295,지소
5296,지속
5297,지수
5298,지시
5299,지식
5300,지식인
5301,지약
5302,지역
5303,지연
5304,지엽
5305,지옥
5306,지와
5307,지요
5308,지우개
5309,지우기
5310,지원
5311,지원금
5312,지인
5313,지장
5314,지적
5315,지정
5316,지제
5317,지지
5318,지진
5319,지체
5320,지출
5321,지침서
5322,지칭
5323,지퍼
5324,지표
5325,지푸라기
5326,지하
5327,지하실
5328,지하철
5329,지하철역
5330,지향
5331,직감
5332,직결
5333,직계
5334,직구
5335,직면
5336,직무
5337,직사각
5338,직설
5339,직업
5340,직원
5341,직장
5342,직장인
5343,직전
5344,직접
5345,직종
5346,직책
5347,진단
5348,진단서
5349,진담
5350,진도
5351,진동
5352,진로
5353,진료
5354,진료비
5355,진리
5356,진맥
5357,진상
5358,진솔
5359,진술
5360,진실
5361,진심
5362,진의
5363,진입
5364,진작
5365,진저리
5366,진전
5367,진정
5368,진정제
5369,진중
5370,진증
5371,진짜
5372,진찰
5373,진창
5374,진척
5375,진통제
5376,진폐
5377,진학
5378,진행
5379,진행법
5380,진화
5381,질려
5382,질료
5383,질문
5384,질병
5385,질서
5386,질식
5387,질책
5388,질타
5389,질투
5390,질투심
5391,질환
5392,짐작
5393,집개
5394,집게벌레
5395,집구석
5396,집단
5397,집사람
5398,집안
5399,집안일
5400,집중
5401,집중력
5402,집착
5403,집합
5404,집합체
5405,짓거리
5406,징병검사
5407,징후
5408,짜리
5409,짜장면
5410,짜증
5411,짜파게티
5412,짝꿍
5413,짝사랑
5414,짝수
5415,짠맛
5416,쪼금
5417,쪽지
5418,찌개
5419,찌게
5420,찌질
5421,찌질이
5422,찐따
5423,차게
5424,차고
5425,차기
5426,차단
5427,차단제
5428,차도
5429,차량
5430,차례
5431,차를
5432,차멀미
5433,차별
5434,차병
5435,차비
5436,차서
5437,차오
5438,차원
5439,차이
5440,차이점
5441,차종
5442,차지
5443,차질
5444,차키
5445,차트
5446,차후
5447,착각
5448,착불
5449,착용
5450,찬구
5451,찬물
5452,찬바람
5453,찬연
5454,찰나
5455,참가
5456,참견
5457,참고
5458,참고서
5459,참기름
5460,참깨
5461,참사
5462,참새
5463,참석
5464,참심
5465,참여
5466,참을성
5467,참지
5468,창고
5469,창문
5470,창밖
5471,창업
5472,창의력
5473,창피
5474,채근
5475,채널
5476,채무
5477,채식
5478,채용
5479,채찍질
5480,채택
5481,채팅
5482,채플
5483,채혈
5484,책망
5485,책사
5486,책상
5487,책임
5488,책임감
5489,책자
5490,처남
5491,처리
5492,처방
5493,처방전
5494,처벌
5495,처분
5496,처신
5497,처우
5498,처음
5499,처지
5500,척도
5501,척추
5502,척추염
5503,천근만근
5504,천둥
5505,천분
5506,천불
5507,천사
5508,천장
5509,천재
5510,천지
5511,천포
5512,철야
5513,철옹성
5514,철탑
5515,철학
5516,첨단
5517,첨부
5518,첫날
5519,첫돌
5520,첫마디
5521,첫말
5522,첫인상
5523,첫째
5524,청결
5525,청구
5526,청년
5527,청력
5528,청바지
5529,청소
5530,청소기
5531,청소년
5532,청승
5533,청심원
5534,청심환
5535,청자
5536,청중
5537,청진기
5538,청춘
5539,체감
5540,체격
5541,체계
5542,체념
5543,체력
5544,체로
5545,체벌
5546,체육
5547,체육관
5548,체조
5549,체중
5550,체증
5551,체지방
5552,체질
5553,체크
5554,체험
5555,체형
5556,초고
5557,초과
5558,초기
5559,초년생
5560,초대
5561,초도
5562,초등
5563,초등학생
5564,초딩
5565,초래
5566,초면
5567,초면인
5568,초미
5569,초반
5570,초밥
5571,초시
5572,초월
5573,초음파
5574,초인종
5575,초저녁
5576,초전
5577,초점
5578,초조
5579,초중
5580,초진
5581,초초
5582,초침
5583,초코
5584,초코파이
5585,초콜렛
5586,초콜릿
5587,초토
5588,초파리
5589,촉각
5590,촉감
5591,촉박
5592,촛불
5593,총각
5594,총괄
5595,총체
5596,총회
5597,촬영
5598,최고
5599,최근
5600,최대
5601,최대치
5602,최대한
5603,최면
5604,최면술
5605,최상
5606,최상위
5607,최선
5608,최선책
5609,최소
5610,최소한
5611,최악
5612,최종
5613,최초
5614,최하점
5615,최후
5616,추가
5617,추돌
5618,추락
5619,추석
5620,추신
5621,추억
5622,추월
5623,추정
5624,추진
5625,추진력
5626,추천
5627,추출물
5628,추측
5629,추행
5630,추후
5631,축구
5632,축의금
5633,축적
5634,축제
5635,축하
5636,출가
5637,출근
5638,출동
5639,출발
5640,출산
5641,출석
5642,출석부
5643,출소
5644,출신
5645,출연
5646,출입
5647,출입문
5648,출장
5649,출처
5650,출퇴근
5651,출퇴근길
5652,출판
5653,충격
5654,충고
5655,충당
5656,충돌
5657,충동
5658,충만
5659,충실
5660,충전
5661,충족
5662,충청
5663,췌장암
5664,취급
5665,취기
5666,취미
5667,취소
5668,취업
5669,취조
5670,취직
5671,취침
5672,취향
5673,측면
5674,측정
5675,측정기
5676,치과
5677,치려
5678,치료
5679,치료법
5680,치료비
5681,치료사
5682,치료제
5683,치마
5684,치매
5685,치명
5686,치미
5687,치부
5688,치사
5689,치열
5690,치우
5691,치유
5692,치장
5693,치졸
5694,치즈
5695,치킨
5696,친가
5697,친구
5698,친데
5699,친동생
5700,친밀
5701,친아버지
5702,친어머니
5703,친언니
5704,친오빠
5705,친절
5706,친정
5707,친정아버지
5708,친척
5709,친형
5710,친화력
5711,친환경
5712,칠순
5713,칠판
5714,침대
5715,침대위
5716,침묵
5717,침범
5718,침실
5719,침입
5720,침착
5721,침침
5722,칫솔
5723,칭찬
5724,칭호
5725,카더라
5726,카드
5727,카마
5728,카메라
5729,카세
5730,카운셀
5731,카운터
5732,카지
5733,카카오스토리
5734,카카오톡
5735,카테고리
5736,카톡
5737,카페
5738,카페인
5739,카풀
5740,카피
5741,칵테일
5742,칸막이
5743,칸칸
5744,칼끝
5745,칼로리
5746,캐나다
5747,캐드
5748,캐리비안
5749,캐릭터
5750,캔버스
5751,캠코더
5752,캡슐
5753,커뮤니티
5754,커버
5755,커터칼
5756,커텐
5757,커튼
5758,커플
5759,커피
5760,커피숍
5761,컨디션
5762,컨트롤
5763,컬러
5764,컴퓨터
5765,컴플렉스
5766,케릭
5767,케어
5768,케이블
5769,케이스
5770,케잌
5771,케토
5772,코고
5773,코너
5774,코니
5775,코드
5776,코딱지
5777,코막
5778,코메디
5779,코스
5780,코스트코
5781,코안
5782,코앞
5783,코웃음
5784,코치
5785,코트
5786,코팅
5787,코피
5788,콘서트
5789,콜레스테롤
5790,콜린
5791,콤플렉스
5792,콧구멍
5793,콧김
5794,콧노래
5795,콧물
5796,콧벽
5797,콧속
5798,콩가루
5799,콩쿨
5800,쾌감
5801,쾌락
5802,쿠션
5803,쿠키
5804,쿠티
5805,쿨러
5806,크기
5807,크다
5808,크레파스
5809,크로스
5810,크리스마스
5811,크림
5812,큰삼촌
5813,큰소리
5814,큰숨
5815,큰아빠
5816,큰언니
5817,큰엄마
5818,큰오빠
5819,큰일
5820,클래스
5821,클럽
5822,클리닉
5823,클린
5824,키로가
5825,키보드
5826,킬라
5827,킬로
5828,킬로그램
5829,타개책
5830,타격
5831,타과
5832,타국
5833,타락
5834,타로
5835,타면
5836,타박
5837,타박상
5838,타악기
5839,타애
5840,타액
5841,타약
5842,타올
5843,타의
5844,타이밍
5845,타인
5846,타임
5847,타입
5848,타자
5849,타지
5850,타지방
5851,탁구
5852,탁스
5853,탄광
5854,탄산
5855,탄정
5856,탈로
5857,탈린
5858,탈모
5859,탈선
5860,탈수
5861,탈출
5862,탈퇴
5863,탐식
5864,탐지기
5865,탐험
5866,탑승
5867,탕진
5868,태고
5869,태권
5870,태도
5871,태반
5872,태산
5873,태클
5874,택배
5875,택시
5876,택임
5877,탤벗
5878,터널
5879,터득
5880,터무니
5881,터울
5882,터치
5883,텀블러
5884,테니스
5885,테두리
5886,테라
5887,테러
5888,테스
5889,테스트
5890,테요
5891,텐데
5892,텐데요
5893,텐션
5894,텐트
5895,텔레비전
5896,토끼
5897,토대
5898,토로
5899,토리
5900,토막
5901,토막토막
5902,토시
5903,토요일
5904,통가
5905,통계
5906,통곡
5907,통금
5908,통로
5909,통보
5910,통상
5911,통수
5912,통안
5913,통역
5914,통원
5915,통장
5916,통제
5917,통조림
5918,통증
5919,통째
5920,통채
5921,통풍
5922,통학
5923,통화
5924,퇴근
5925,퇴사
5926,퇴원
5927,퇴직
5928,퇴직금
5929,퇴짜
5930,퇴치
5931,퇴학
5932,퇴화
5933,투명
5934,투병
5935,투스카니
5936,투약
5937,투유
5938,투자
5939,투쟁
5940,투정
5941,투통
5942,퉁명
5943,트라
5944,트라우마
5945,트랜스젠더
5946,트러블
5947,트럭
5948,트레이닝
5949,트름
5950,트리
5951,트리프
5952,트릴
5953,트림
5954,트립
5955,트집
5956,특권
5957,특례
5958,특별
5959,특성
5960,특수
5961,특유
5962,특이
5963,특정
5964,특정인
5965,특징
5966,틈새
5967,티브이
5968,티비
5969,티켓
5970,티코
5971,팀원
5972,팀장
5973,파고
5974,파괴
5975,파랑
5976,파록세틴
5977,파리
5978,파리채
5979,파마
5980,파멸
5981,파민
5982,파블로프
5983,파상풍
5984,파스
5985,파악
5986,파열
5987,파워
5988,파이
5989,파이팅
5990,파이프
5991,파장
5992,파정
5993,파킨슨병
5994,파탄
5995,파트너
5996,파티
5997,파편
5998,판가름
5999,판결
6000,판교
6001,판단
6002,판단력
6003,판매
6004,판별
6005,판정
6006,판타지
6007,팔다리
6008,팔뚝
6009,팔리
6010,팔목
6011,팔순
6012,팔자걸음
6013,팔잔가
6014,팔짱
6015,패닉
6016,패륜
6017,패륜아
6018,패밀리
6019,패배
6020,패션
6021,패스
6022,패치
6023,패턴
6024,팬티
6025,퍼센트
6026,페니
6027,페달
6028,페리
6029,페리돈
6030,페북
6031,페어
6032,페이
6033,페이스북
6034,페이지
6035,페인트
6036,편견
6037,편두통
6038,편모
6039,편법
6040,편식
6041,편안
6042,편의점
6043,편입
6044,편지
6045,편집
6046,편집증
6047,평가
6048,평균
6049,평균대
6050,평균량
6051,평등
6052,평상시
6053,평생
6054,평소
6055,평수
6056,평안
6057,평일
6058,평타
6059,평판
6060,평화
6061,폐단
6062,폐렴
6063,폐륜
6064,폐소
6065,폐쇄
6066,폐암
6067,폐인
6068,폐지
6069,폐차
6070,포기
6071,포대
6072,포만감
6073,포맷
6074,포스
6075,포스트
6076,포스트잇
6077,포옹
6078,포인트
6079,포장
6080,포장지
6081,포증
6082,포카
6083,포커
6084,포크
6085,포털
6086,포토샵
6087,포함
6088,포화
6089,포화도
6090,폭력
6091,폭력성
6092,폭발
6093,폭식
6094,폭식증
6095,폭언
6096,폭음
6097,폭주
6098,폭탄
6099,폭파
6100,폭풍우
6101,폭행
6102,폴리
6103,표면
6104,표시
6105,표적
6106,표정
6107,표출
6108,표현
6109,푸쉬
6110,푸트
6111,풀이
6112,풀칠
6113,풋살
6114,풍경
6115,풍뎅이
6116,풍비박산
6117,프람
6118,프레젠테이션
6119,프렌드
6120,프로
6121,프로게이머
6122,프로그래밍
6123,프로그램
6124,프로락틴
6125,프로이드
6126,프로이트
6127,프로작
6128,프로젝트
6129,프로필
6130,프리
6131,프리랜서
6132,프린팅
6133,플라스틱
6134,플랫폼
6135,플러스
6136,플로
6137,플리
6138,피검
6139,피곤
6140,피날
6141,피드백
6142,피딱지
6143,피로
6144,피로감
6145,피멍
6146,피범벅
6147,피부
6148,피부과
6149,피부병
6150,피부염
6151,피시방
6152,피신
6153,피아노
6154,피임
6155,피임약
6156,피자
6157,피지
6158,피크
6159,피티
6160,피파
6161,피폐
6162,피프
6163,피해
6164,피해망상
6165,피해망상증
6166,피해자
6167,픽스
6168,핀셋
6169,핀잔
6170,핀트
6171,필기
6172,필기구
6173,필러
6174,필름
6175,필수
6176,필연
6177,필요
6178,필통
6179,핍박
6180,핏줄
6181,핑계
6182,하계
6183,하교
6184,하규
6185,하나
6186,하나하나
6187,하난
6188,하녀
6189,하늘
6190,하늘나라
6191,하등
6192,하락
6193,하려
6194,하루
6195,하루치
6196,하루하루
6197,하룻밤
6198,하리수
6199,하만
6200,하몽
6201,하소
6202,하소연
6203,하수구
6204,하숙집
6205,하심
6206,하얀색
6207,하예
6208,하우스
6209,하위
6210,하자
6211,하차
6212,하체
6213,하품
6214,하필
6215,하혈
6216,학과
6217,학교
6218,학기
6219,학년
6220,학대
6221,학력
6222,학명
6223,학문
6224,학벌
6225,학비
6226,학생
6227,학습
6228,학업
6229,학예회
6230,학우
6231,학원
6232,학적
6233,학점
6234,학창
6235,학회
6236,한갑
6237,한강
6238,한계
6239,한구석
6240,한국
6241,한국어
6242,한귀
6243,한글
6244,한눈
6245,한느
6246,한달전
6247,한데
6248,한도
6249,한동안
6250,한때
6251,한량
6252,한마디
6253,한몫
6254,한문
6255,한방
6256,한번
6257,한상
6258,한숨
6259,한시름
6260,한약
6261,한자
6262,한잔
6263,한적
6264,한전
6265,한줌
6266,한지
6267,한쪽
6268,한참
6269,한창
6270,한탄
6271,한태
6272,한판
6273,한편
6274,할머니
6275,할아버지
6276,할애
6277,함감
6278,함구
6279,함구증
6280,함량
6281,함묵증
6282,함유
6283,함지
6284,합격
6285,합리
6286,합반
6287,합병증
6288,합창
6289,핫팬츠
6290,항목
6291,항문
6292,항생제
6293,항암
6294,항우울제
6295,항울제
6296,항의
6297,항진
6298,해결
6299,해결책
6300,해고
6301,해구
6302,해답
6303,해당
6304,해라
6305,해리
6306,해마
6307,해바라기
6308,해법
6309,해석
6310,해설
6311,해소
6312,해수욕장
6313,해아
6314,해외
6315,해외여행
6316,해요
6317,해일
6318,해자
6319,해코지
6320,해킹
6321,해탈
6322,해프닝
6323,핵심
6324,핸드폰
6325,핸들
6326,햇볕
6327,햇빛
6328,햇수
6329,행거
6330,행군
6331,행동
6332,행렬
6333,행보
6334,행복
6335,행복감
6336,행사
6337,행운
6338,행위
6339,행정
6340,향도
6341,향상
6342,향수병
6343,향정
6344,향후
6345,허공
6346,허드렛일
6347,허락
6348,허리
6349,허무
6350,허무감
6351,허무주의
6352,허벅지
6353,허비
6354,허상
6355,허세
6356,허송
6357,허송세월
6358,허약
6359,허언
6360,허영
6361,허용
6362,허탈
6363,허탈감
6364,허풍
6365,헌신
6366,헌혈
6367,험담
6368,헛것
6369,헛구역질
6370,헛소리
6371,헛수고
6372,헛웃음
6373,헤드램프
6374,헤드셋
6375,헤드폰
6376,헤어
6377,헤프
6378,헬스
6379,혁띠
6380,현고
6381,현관
6382,현관문
6383,현금
6384,현기증
6385,현명
6386,현상
6387,현실
6388,현역
6389,현자
6390,현장
6391,현재
6392,현제
6393,현증
6394,현직
6395,현질
6396,현황
6397,혈관
6398,혈변
6399,혈소판
6400,혈압
6401,혈액
6402,혈액형
6403,혐오
6404,혐오감
6405,혐오증
6406,협박
6407,협상
6408,협의
6409,협조
6410,혓바닥
6411,형방
6412,형사
6413,형상
6414,형성
6415,형식
6416,형용
6417,형제
6418,형제자매
6419,형체
6420,형태
6421,형편
6422,혜택
6423,호감
6424,호강
6425,호구
6426,호기
6427,호기심
6428,호두
6429,호들갑
6430,호르몬
6431,호명
6432,호박전
6433,호불호
6434,호삭
6435,호소
6436,호송
6437,호응
6438,호의
6439,호일
6440,호적
6441,호전
6442,호주
6443,호주머니
6444,호칭
6445,호프집
6446,호흡
6447,호흡기
6448,혹사
6449,혹우
6450,혹자
6451,혼기
6452,혼돈
6453,혼동
6454,혼란
6455,혼사
6456,혼수
6457,혼용
6458,혼자
6459,혼잡
6460,혼잣말
6461,홀더
6462,홀수
6463,홈스
6464,홈스테이
6465,홈페이지
6466,홍대
6467,홍보
6468,홍제동
6469,홍조
6470,화가
6471,화고
6472,화남
6473,화도
6474,화랑
6475,화릉
6476,화면
6477,화목
6478,화병
6479,화분
6480,화살
6481,화상
6482,화상전
6483,화석
6484,화성시
6485,화실
6486,화악
6487,화이트
6488,화장
6489,화장대
6490,화장실
6491,화장품
6492,화제
6493,화폐
6494,화풀이
6495,화학
6496,화해
6497,확대
6498,확돌
6499,확률
6500,확립
6501,확보
6502,확신
6503,확인
6504,확인서
6505,확정
6506,확진
6507,환각
6508,환각증
6509,환갑
6510,환경
6511,환경미화원
6512,환공
6513,환기
6514,환상
6515,환승
6516,환시
6517,환우
6518,환인
6519,환자
6520,환장
6521,환절기
6522,환정
6523,환청
6524,환형
6525,활기
6526,활동
6527,활력
6528,활력소
6529,활성
6530,활용
6531,홧김
6532,황달
6533,회로
6534,회복
6535,회복기
6536,회사
6537,회사원
6538,회색
6539,회수
6540,회식
6541,회원
6542,회유
6543,회의
6544,회의감
6545,회이
6546,회장
6547,회전
6548,회정
6549,회초리
6550,회피
6551,회현동
6552,횟수
6553,횡단보도
6554,횡설수설
6555,효가
6556,효과
6557,효능
6558,효도
6559,효소
6560,효율
6561,후가
6562,후각
6563,후기
6564,후라이팬
6565,후로
6566,후론
6567,후면
6568,후반
6569,후반기
6570,후배
6571,후식
6572,후유증
6573,후임
6574,후자
6575,후천
6576,후환
6577,후회
6578,훈계
6579,훈련
6580,훈련소
6581,훈령
6582,휴가
6583,휴대
6584,휴대폰
6585,휴머노이드
6586,휴무
6587,휴식
6588,휴일
6589,휴지
6590,휴지통
6591,휴직
6592,휴학
6593,휴학생
6594,흉기
6595,흉내
6596,흉추
6597,흉측
6598,흉터
6599,흉통
6600,흐름
6601,흑색
6602,흔적
6603,흙바닥
6604,흠집
6605,흡연
6606,흡연자
6607,흡입
6608,흥미
6609,흥분
6610,희망
6611,희생
6612,희희
6613,흰색
6614,히고
6615,히기
6616,히스
6617,히스테리
6618,히스테릭
6619,히키코모리
6620,히터
6621,힌지
